Observer ,Date,Location ,Species,Body_Size_cm ,Group_Size,Habitat,Pass,Time_Start,Time_End,Depth (ft)
MB ,5-12-2025,Hinalea ,A. triostegus,12.5,4,Reef_Flat ,1,10:18,10:45,3
MB ,5-12-2025,Hinalea ,C. spilurus ,12.5,12,Reef_Flat ,1,10:18,10:45,3
MB ,5-12-2025,Hinalea ,T. duperrey,12.5,1,Reef_Flat ,1,10:18,10:45,3
MB ,5-12-2025,Hinalea ,A. triostegus,12.5,1,Reef_Flat ,1,10:18,10:45,3
MB ,5-12-2025,Hinalea ,C. spilurus ,12.5,3,Reef_Flat ,1,10:18,10:45,3
MB ,5-12-2025,Hinalea ,A. triostegus,12.5,3,Reef_Flat ,1,10:18,10:45,3
MB ,5-12-2025,Hinalea ,A. triostegus,7.5,2,Reef_Flat ,1,10:18,10:45,3
MB ,5-12-2025,Hinalea ,C. spilurus,7.5,12,Reef_Flat ,1,10:18,10:45,3
MB ,5-12-2025,Hinalea ,A. triostegus ,12.5,2,Reef_Flat ,1,10:18,10:45,3
MB ,5-12-2025,Hinalea ,T. duperrey,12.5,1,Reef_Flat ,1,10:18,10:45,3
MB ,5-12-2025,Hinalea ,Z. velifer,7.5,1,Reef_Flat ,1,10:18,10:45,3
MB ,5-12-2025,Hinalea ,Z. velifer,7.5,4,Reef_Flat ,1,10:18,10:45,3
MB ,5-12-2025,Hinalea ,C. spilurus,12.5,15,Reef_Flat ,1,10:18,10:45,3
MB ,5-12-2025,Hinalea ,T. duperrey,12.5,4,Reef_Flat ,1,10:18,10:45,3
MB ,5-12-2025,Hinalea ,A. triostegus,12.5,1,Reef_Flat ,1,10:18,10:45,3
MB ,5-12-2025,Hinalea ,Z. cornutus,12.5,1,Reef_Flat ,1,10:18,10:45,3
MB ,5-12-2025,Hinalea ,C. lunulatus,12.5,3,Reef_Flat ,1,10:18,10:45,3
MB ,5-12-2025,Hinalea ,C. spilurus,12.5,15,Reef_Flat ,1,10:18,10:45,3
MB ,5-12-2025,Hinalea ,T. duperrey,17.5,1,Reef_Flat ,1,10:18,10:45,3
MB ,5-12-2025,Hinalea ,A. triostegus,12.5,2,Reef_Flat ,1,10:18,10:45,3
MB ,5-12-2025,Hinalea ,S. psittacus,12.5,10,Reef_Flat ,1,10:18,10:45,3
MB ,5-12-2025,Hinalea ,S. psittacus,7.5,3,Reef_Flat ,1,10:18,10:45,3
MB ,5-12-2025,Hinalea ,Z. velifer ,12.5,1,Reef_Flat ,1,10:18,10:45,3
MB ,5-12-2025,Hinalea ,S. psittacus,7.5,30,Reef_Flat ,1,10:18,10:45,3
MB ,5-12-2025,Hinalea ,G. varius ,17.5,1,Reef_Flat ,1,10:18,10:45,3
MB ,5-12-2025,Hinalea ,T. duperrey,17.5,1,Reef_Flat ,1,10:18,10:45,3
MB ,5-12-2025,Hinalea ,C. spilurus ,17.5,2,Reef_Flat ,1,10:18,10:45,3
MB ,5-12-2025,Hinalea ,L. fulvus,22.5,1,Reef_Flat ,1,10:18,10:45,3
MB ,5-12-2025,Hinalea ,Z. cornutus,12.5,1,Reef_Flat ,1,10:18,10:45,3
MB ,5-12-2025,Hinalea ,C. spilurus ,7.5,23,Reef_Flat ,1,10:18,10:45,3
MB ,5-12-2025,Hinalea ,C. lunulatus,12.5,3,Reef_Flat ,1,10:18,10:45,3
MB ,5-12-2025,Hinalea ,A. triostegus,12.5,3,Reef_Flat ,1,10:18,10:45,3
MB ,5-12-2025,Hinalea ,T. duperrey,17.5,1,Reef_Flat ,1,10:18,10:45,3
MB ,5-12-2025,Hinalea ,T. duperrey,17.5,3,Reef_Flat ,1,10:18,10:45,3
MB ,5-12-2025,Hinalea ,A. triostegus ,7.5,1,Reef_Flat ,1,10:18,10:45,3
MB ,5-12-2025,Hinalea ,C. spilurus,17.5,2,Reef_Flat ,1,10:18,10:45,3
MB ,5-12-2025,Hinalea ,S. psittacus ,7.5,10,Reef_Flat ,1,10:18,10:45,3
MB ,5-12-2025,Hinalea ,Z. velifer,17.5,3,Reef_Flat ,1,10:18,10:45,3
MB ,5-12-2025,Hinalea ,A. triostegus,12.5,2,Reef_Flat ,1,10:18,10:45,3
MB ,5-12-2025,Hinalea ,S. psittacus ,12.5,7,Reef_Flat ,1,10:18,10:45,3
MB ,5-12-2025,Hinalea ,L. fulvus,17.5,2,Reef_Flat ,1,10:18,10:45,3
MB ,5-12-2025,Hinalea ,G. varius,12.5,4,Reef_Flat ,1,10:18,10:45,3
MB ,5-12-2025,Hinalea ,T. duperrey,17.5,2,Reef_Flat ,1,10:18,10:45,3
MB ,5-12-2025,Hinalea ,S. psittacus,7.5,24,Reef_Flat ,1,10:18,10:45,3
MB ,5-12-2025,Hinalea ,A. triostegus,12.5,4,Reef_Flat ,1,10:18,10:45,3
MB ,5-12-2025,Hinalea ,C. auriga,12.5,2,Reef_Flat ,1,10:18,10:45,3
MB ,5-12-2025,Hinalea ,Z. flavescens,17.5,6,Reef_Flat ,1,10:18,10:45,3
MB ,5-12-2025,Hinalea ,A. triostegus,12.5,2,Reef_Flat ,1,10:18,10:45,3
MB ,5-12-2025,Hinalea ,T. duperrey,17.5,4,Reef_Flat ,1,10:18,10:45,3
MB ,5-12-2025,Hinalea ,A. triostegus,12.5,2,Reef_Flat ,1,10:18,10:45,3
MB ,5-12-2025,Hinalea ,C. spilurus,22.5,1,Reef_Flat ,1,10:18,10:45,3
MB ,5-12-2025,Hinalea ,T. duperrey,17.5,1,Reef_Flat ,1,10:18,10:45,3
MB ,5-12-2025,Hinalea ,A. triostegus ,7.5,1,Reef_Flat ,1,10:18,10:45,3
MB ,5-12-2025,Hinalea ,G. varius,12.5,1,Reef_Flat ,1,10:18,10:45,3
MB ,5-12-2025,Hinalea ,T. duperrey,17.5,2,Reef_Flat ,1,10:18,10:45,3
MB ,5-12-2025,Hinalea ,A. triostegus,12.5,3,Reef_Flat ,1,10:18,10:45,3
MB ,5-12-2025,Hinalea ,C. spilurus,12.5,12,Reef_Flat ,1,10:18,10:45,3
MB ,5-12-2025,Hinalea ,C. lunulatus ,17.5,2,Reef_Flat ,1,10:18,10:45,3
MB ,5-12-2025,Hinalea ,T. duperrey ,17.5,1,Reef_Flat ,1,10:18,10:45,3
MB ,5-12-2025,Hinalea ,A. triostegus,12.5,3,Reef_Flat ,1,10:18,10:45,3
MB ,5-12-2025,Hinalea ,T. duperrey,12.5,1,Reef_Flat ,1,10:18,10:45,3
MB ,5-12-2025,Hinalea ,S. psittacus,7.5,32,Reef_Flat ,1,10:18,10:45,3
MB ,5-12-2025,Hinalea ,C. auriga,12.5,1,Reef_Flat ,1,10:18,10:45,3
MB ,5-12-2025,Hinalea ,Z. flavescens ,12.5,1,Reef_Flat ,1,10:18,10:45,3
MB ,5-12-2025,Hinalea ,A. triostegus,12.5,1,Reef_Flat ,1,10:18,10:45,3
MB,5-12-2025,Hinalea,A. triostegus,12.5,1,Patchy_Reef,2,10:55,11:21,3
MB,5-12-2025,Hinalea,Z. velifer,2.5,3,Patchy_Reef,2,10:55,11:21,3
MB,5-12-2025,Hinalea,Z. velifer,7.5,6,Patchy_Reef,2,10:55,11:21,3
MB,5-12-2025,Hinalea,C. spilurus,2.5,24,Patchy_Reef,2,10:55,11:21,3
MB,5-12-2025,Hinalea,T. duperrey,17.5,1,Patchy_Reef,2,10:55,11:21,3
MB,5-12-2025,Hinalea,L. fulvus,17.5,1,Patchy_Reef,2,10:55,11:21,3
MB,5-12-2025,Hinalea,Z. flavescens,17.5,7,Patchy_Reef,2,10:55,11:21,3
MB,5-12-2025,Hinalea,C. spilurus,17.5,30,Patchy_Reef,2,10:55,11:21,3
MB,5-12-2025,Hinalea,Z. cornutus,12.5,4,Patchy_Reef,2,10:55,11:21,3
MB,5-12-2025,Hinalea,M. flavolineatus,12.5,6,Patchy_Reef,2,10:55,11:21,3
MB,5-12-2025,Hinalea,Z. flavescens,17.5,2,Patchy_Reef,2,10:55,11:21,3
MB,5-12-2025,Hinalea,M. flavolineatus,17.5,12,Patchy_Reef,2,10:55,11:21,3
MB,5-12-2025,Hinalea,L. fulvus,22.5,2,Patchy_Reef,2,10:55,11:21,3
MB,5-12-2025,Hinalea,C. spilurus,17.5,26,Patchy_Reef,2,10:55,11:21,3
MB,5-12-2025,Hinalea,M. flavolineatus,27.5,50,Patchy_Reef,2,10:55,11:21,3
MB,5-12-2025,Hinalea,C. auriga,17.5,1,Patchy_Reef,2,10:55,11:21,3
MB,5-12-2025,Hinalea,C. melampygus,27.5,1,Patchy_Reef,2,10:55,11:21,3
MB,5-12-2025,Hinalea,A. triostegus,12.5,3,Patchy_Reef,2,10:55,11:21,3
MB,5-12-2025,Hinalea,S. psittacus,17.5,20,Patchy_Reef,2,10:55,11:21,3
MB,5-12-2025,Hinalea,Z. flavescens,12.5,2,Patchy_Reef,2,10:55,11:21,3
MB,5-12-2025,Hinalea,Z. flavescens,17.5,4,Patchy_Reef,2,10:55,11:21,3
MB,5-12-2025,Hinalea,L. fulvus,27.5,1,Patchy_Reef,2,10:55,11:21,3
MB,5-12-2025,Hinalea,C. auriga,17.5,2,Patchy_Reef,2,10:55,11:21,3
MB,5-12-2025,Hinalea,T. duperrey,12.5,3,Patchy_Reef,2,10:55,11:21,3
MB,5-12-2025,Hinalea,L. fulvus,27.5,1,Patchy_Reef,2,10:55,11:21,3
MB,5-12-2025,Hinalea,Z. flavescens,12.5,6,Patchy_Reef,2,10:55,11:21,3
MB,5-12-2025,Hinalea,G. varius,17.5,1,Patchy_Reef,2,10:55,11:21,3
MB,5-12-2025,Hinalea,M. flavolineatus ,27.5,2,Patchy_Reef,2,10:55,11:21,3
MB,5-12-2025,Hinalea,Z. velifer,7.5,1,Patchy_Reef,2,10:55,11:21,3
MB,5-12-2025,Hinalea,M. flavolineatus,27.5,17,Patchy_Reef,2,10:55,11:21,3
MB,5-12-2025,Hinalea,L. fulvus,17.5,1,Patchy_Reef,2,10:55,11:21,3
MB,5-12-2025,Hinalea,L. fulvus,27.5,1,Patchy_Reef,2,10:55,11:21,3
MB,5-12-2025,Hinalea,A. triostegus,12.5,3,Patchy_Reef,2,10:55,11:21,3
MB,5-12-2025,Hinalea,M. flavolineatus ,17.5,7,Patchy_Reef,2,10:55,11:21,3
MB,5-12-2025,Hinalea,A. triostegus,12.5,4,Patchy_Reef,2,10:55,11:21,3
MB,5-12-2025,Hinalea,A. triostegus,17.5,2,Patchy_Reef,2,10:55,11:21,3
MB,5-12-2025,Hinalea,M. flavolineatus,17.5,5,Patchy_Reef,2,10:55,11:21,3
MB,5-12-2025,Hinalea,S. psittacus ,7.5,7,Patchy_Reef,2,10:55,11:21,3
MB,5-12-2025,Hinalea,S. psittacus,12.5,11,Patchy_Reef,2,10:55,11:21,3
MB,5-12-2025,Hinalea,A. triostegus,12.5,1,Patchy_Reef,2,10:55,11:21,3
MB,5-12-2025,Hinalea,T. duperrey,12.5,1,Patchy_Reef,2,10:55,11:21,3
MB,5-12-2025,Hinalea,A. triostegus ,12.5,20,Patchy_Reef,2,10:55,11:21,3
MB,5-12-2025,Hinalea,S. psittacus,7.5,5,Patchy_Reef,2,10:55,11:21,3
MB,5-12-2025,Hinalea,M. flavolineatus,17.5,15,Patchy_Reef,2,10:55,11:21,3
MB,5-12-2025,Hinalea,A. triostegus,12.5,2,Patchy_Reef,2,10:55,11:21,3
MB,5-12-2025,Hinalea,C. auriga,17.5,1,Patchy_Reef,2,10:55,11:21,3
MB,5-12-2025,Hinalea,A. triostegus,12.5,6,Patchy_Reef,2,10:55,11:21,3
MB,5-12-2025,Hinalea,C. spilurus,12.5,13,Patchy_Reef,2,10:55,11:21,3
MB,5-12-2025,Hinalea,G. varius,17.5,4,Patchy_Reef,2,10:55,11:21,3
MB,5-12-2025,Hinalea,M. flavolineatus,12.5,12,Patchy_Reef,2,10:55,11:21,3
MB,5-12-2025,Hinalea,A. triostegus,7.5,3,Patchy_Reef,2,10:55,11:21,3
MB,5-12-2025,Hinalea,Z. flavescens,17.5,2,Patchy_Reef,2,10:55,11:21,3
MB,5-12-2025,Hinalea,A. triostegus,12.5,2,Patchy_Reef,2,10:55,11:21,3
MB,5-12-2025,Hinalea,C. spilurus,17.5,14,Patchy_Reef,2,10:55,11:21,3
MB,5-12-2025,Hinalea,Z. flavescens,17.5,5,Patchy_Reef,2,10:55,11:21,3
MB,5-12-2025,Hinalea,T. duperrey,17.5,5,Patchy_Reef,2,10:55,11:21,3
MB,5-12-2025,Hinalea,S. psittacus,12.5,7,Patchy_Reef,2,10:55,11:21,3
MB,5-12-2025,Hinalea,G. varius,12.5,3,Patchy_Reef,2,10:55,11:21,3
MB,5-12-2025,Hinalea,Z. cornutus,12.5,5,Patchy_Reef,2,10:55,11:21,3
MB,5-12-2025,Hinalea,C. auriga,17.5,5,Patchy_Reef,2,10:55,11:21,3
MB,5-12-2025,Hinalea,C. spilurus,17.5,13,Patchy_Reef,2,10:55,11:21,3
MB,5-12-2025,Hinalea,C. spilurus,12.5,6,Reef_Flat ,3,11:29,12:01,3
MB,5-12-2025,Hinalea,A. triostegus,12.5,5,Reef_Flat ,3,11:29,12:01,3
MB,5-12-2025,Hinalea,A. triostegus,12.5,10,Reef_Flat ,3,11:29,12:01,3
MB,5-12-2025,Hinalea,S. psittacus,7.5,14,Reef_Flat ,3,11:29,12:01,3
MB,5-12-2025,Hinalea,A. triostegus,12.5,2,Reef_Flat ,3,11:29,12:01,3
MB,5-12-2025,Hinalea,S.psittacus,2.5,28,Reef_Flat ,3,11:29,12:01,3
MB,5-12-2025,Hinalea,T. duperrey,12.5,1,Reef_Flat ,3,11:29,12:01,3
MB,5-12-2025,Hinalea,C. spilurus,17.5,22,Reef_Flat ,3,11:29,12:01,3
MB,5-12-2025,Hinalea,S. psittacus,12.5,14,Reef_Flat ,3,11:29,12:01,3
MB,5-12-2025,Hinalea,A. triostegus,12.5,2,Reef_Flat ,3,11:29,12:01,3
MB,5-12-2025,Hinalea,Z. velifer,2.5,16,Reef_Flat ,3,11:29,12:01,3
MB,5-12-2025,Hinalea,A. triostegus,12.5,4,Reef_Flat ,3,11:29,12:01,3
MB,5-12-2025,Hinalea,S. psittacus,7.5,28,Reef_Flat ,3,11:29,12:01,3
MB,5-12-2025,Hinalea,S. psittacus,12.5,23,Reef_Flat ,3,11:29,12:01,3
MB,5-12-2025,Hinalea,A. triostegus,7.5,25,Reef_Flat ,3,11:29,12:01,3
MB,5-12-2025,Hinalea,Z. velifer,7.5,1,Reef_Flat ,3,11:29,12:01,3
MB,5-12-2025,Hinalea,A. triostegus,12.5,4,Reef_Flat ,3,11:29,12:01,3
MB,5-12-2025,Hinalea,S. psittacus,7.5,14,Reef_Flat ,3,11:29,12:01,3
MB,5-12-2025,Hinalea,Z. velfer,7.5,10,Reef_Flat ,3,11:29,12:01,3
MB,5-12-2025,Hinalea,S. psittacus,7.5,20,Reef_Flat ,3,11:29,12:01,3
MB,5-12-2025,Hinalea,A. triostegus,7.5,26,Reef_Flat ,3,11:29,12:01,3
MB,5-12-2025,Hinalea,S. psittacus,12.5,6,Reef_Flat ,3,11:29,12:01,3
MB,5-12-2025,Hinalea,S. psittacus,7.5,28,Reef_Flat ,3,11:29,12:01,3
MB,5-12-2025,Hinalea,S. psittacus,7.5,4,Reef_Flat ,3,11:29,12:01,3
MB,5-12-2025,Hinalea,S.psittacus,12.5,38,Reef_Flat ,3,11:29,12:01,3
MB,5-12-2025,Hinalea,A. triostegus,12.5,10,Reef_Flat ,3,11:29,12:01,3
MB,5-12-2025,Hinalea,Z. velifer,7.5,24,Reef_Flat ,3,11:29,12:01,3
MB,5-12-2025,Hinalea,S. psittacus,7.5,4,Reef_Flat ,3,11:29,12:01,3
MB,5-12-2025,Hinalea,T. duperrey,17.5,2,Reef_Flat ,3,11:29,12:01,3
MB,5-12-2025,Hinalea,A. triostegus,12.5,2,Reef_Flat ,3,11:29,12:01,3
MB,5-12-2025,Hinalea,S. psittacus,7.5,10,Reef_Flat ,3,11:29,12:01,3
MB,5-12-2025,Hinalea,Z. velifer,12.5,9,Reef_Flat ,3,11:29,12:01,3
MB,5-12-2025,Hinalea,T. duperrey,17.5,1,Reef_Flat ,3,11:29,12:01,3
MB,5-12-2025,Hinalea,S. psittacus,7.5,20,Reef_Flat ,3,11:29,12:01,3
MB,5-12-2025,Hinalea,S. psittacus,7.5,32,Reef_Flat ,3,11:29,12:01,3
MB,5-12-2025,Hinalea,A. triostegus,17.5,2,Reef_Flat ,3,11:29,12:01,3
MB,5-12-2025,Hinalea,S. psittacus,7.5,36,Reef_Flat ,3,11:29,12:01,3
MB,5-12-2025,Hinalea,S. psittacus,7.5,7,Reef_Flat ,3,11:29,12:01,3
MB,5-12-2025,Hinalea,S. psittacus,12.5,5,Reef_Flat ,3,11:29,12:01,3
MB,5-12-2025,Hinalea,S. psittacus,2.5,24,Reef_Flat ,3,11:29,12:01,3
MB,5-12-2025,Hinalea,C. auriga,7.5,5,Reef_Flat ,3,11:29,12:01,3
MB,5-12-2025,Hinalea,S. psittacus,7.5,9,Reef_Flat ,3,11:29,12:01,3
MB,5-12-2025,Hinalea,S. psittacus,12.5,5,Reef_Flat ,3,11:29,12:01,3
MB,5-12-2025,Hinalea,S. psittacus,7.5,28,Reef_Flat ,3,11:29,12:01,3
MB,5-12-2025,Hinalea,Z. velifer,2.5,12,Reef_Flat ,3,11:29,12:01,3
MB,5-12-2025,Hinalea,S. psittacus,7.5,31,Reef_Flat ,3,11:29,12:01,3
MB,5-12-2025,Hinalea,A. triostegus,7.5,20,Reef_Flat ,3,11:29,12:01,3
MB,5-12-2025,Hinalea,A. triostegus,12.5,2,Reef_Flat ,3,11:29,12:01,3
MB,5-12-2025,Hinalea,T. duperrey,12.5,1,Reef_Flat ,3,11:29,12:01,3
MB,5-12-2025,Hinalea,C. spilurus,17.5,13,Reef_Flat ,3,11:29,12:01,3
MB,5-12-2025,Hinalea,L. fulvus,17.5,1,Reef_Flat ,3,11:29,12:01,3
MB,5-12-2025,Hinalea,C. auriga,17.5,1,Reef_Flat ,3,11:29,12:01,3
MB,5-12-2025,Hinalea,Z. velifer,12.5,2,Reef_Flat ,3,11:29,12:01,3
MB,5-12-2025,Hinalea,Z. velifer,7.5,2,Patchy_Reef,4,12:07,12:26,3
MB,5-12-2025,Hinalea,L. fulvus,22.5,2,Patchy_Reef,4,12:07,12:26,3
MB,5-12-2025,Hinalea,T. duperrey,17.5,1,Patchy_Reef,4,12:07,12:26,3
MB,5-12-2025,Hinalea,C. spilurus,17.5,2,Patchy_Reef,4,12:07,12:26,3
MB,5-12-2025,Hinalea,C. spilurus,17.5,14,Patchy_Reef,4,12:07,12:26,3
MB,5-12-2025,Hinalea,Z. flavescens,12.5,3,Patchy_Reef,4,12:07,12:26,3
MB,5-12-2025,Hinalea,Z. cornutus,12.5,20,Patchy_Reef,4,12:07,12:26,3
MB,5-12-2025,Hinalea,M. flavolineatus,17.5,7,Patchy_Reef,4,12:07,12:26,3
MB,5-12-2025,Hinalea,M. flavolineatus,17.5,11,Patchy_Reef,4,12:07,12:26,3
MB,5-12-2025,Hinalea,Z. cornutus,12.5,1,Patchy_Reef,4,12:07,12:26,3
MB,5-12-2025,Hinalea,T. duperrey,17.5,1,Patchy_Reef,4,12:07,12:26,3
MB,5-12-2025,Hinalea,Z. flavescens,12.5,25,Patchy_Reef,4,12:07,12:26,3
MB,5-12-2025,Hinalea,T. duperrey,17.5,2,Patchy_Reef,4,12:07,12:26,3
MB,5-12-2025,Hinalea,S. psittacus,12.5,9,Patchy_Reef,4,12:07,12:26,3
MB,5-12-2025,Hinalea,A. triostegus,12.5,5,Patchy_Reef,4,12:07,12:26,3
MB,5-12-2025,Hinalea,C. spilurus,12.5,13,Patchy_Reef,4,12:07,12:26,3
MB,5-12-2025,Hinalea,A. triostegus,12.5,5,Patchy_Reef,4,12:07,12:26,3
MB,5-12-2025,Hinalea,C. melampygus,27.5,8,Patchy_Reef,4,12:07,12:26,3
MB,5-12-2025,Hinalea,A. triostegus,12.5,5,Patchy_Reef,4,12:07,12:26,3
MB,5-12-2025,Hinalea,S. psittacus,17.5,10,Patchy_Reef,4,12:07,12:26,3
MB,5-12-2025,Hinalea,L. fulvus,12.5,1,Patchy_Reef,4,12:07,12:26,3
MB,5-12-2025,Hinalea,M. flavolineatus,17.5,6,Patchy_Reef,4,12:07,12:26,3
MB,5-12-2025,Hinalea,T. duperrey,17.5,1,Patchy_Reef,4,12:07,12:26,3
MB,5-12-2025,Hinalea,Z. velifer,7.5,16,Patchy_Reef,4,12:07,12:26,3
MB,5-12-2025,Hinalea,Z. flavescens,17.5,2,Patchy_Reef,4,12:07,12:26,3
MB,5-12-2025,Hinalea,M. flavolineatus,32.5,1,Patchy_Reef,4,12:07,12:26,3
MB,5-12-2025,Hinalea,M. flavolineatus,17.5,12,Patchy_Reef,4,12:07,12:26,3
MB,5-12-2025,Hinalea,T. duperrey,17.5,1,Patchy_Reef,4,12:07,12:26,3
MB,5-12-2025,Hinalea,C. auriga,17.5,2,Patchy_Reef,4,12:07,12:26,3
MB,5-12-2025,Hinalea,Z. cornutus,12.5,5,Patchy_Reef,4,12:07,12:26,3
MB,5-12-2025,Hinalea,L. fulvus,17.5,1,Patchy_Reef,4,12:07,12:26,3
MB,5-12-2025,Hinalea,A. triostegus,12.5,6,Patchy_Reef,4,12:07,12:26,3
MB,5-12-2025,Hinalea,Z. flavescens,17.5,5,Patchy_Reef,4,12:07,12:26,3
MB,5-12-2025,Hinalea,L. fulvus,12.5,1,Patchy_Reef,4,12:07,12:26,3
MB,5-12-2025,Hinalea,S. psittacus,7.5,21,Patchy_Reef,4,12:07,12:26,3
MB,5-12-2025,Hinalea,S. psittacus,7.5,12,Reef_Flat ,5,12:44,13:14,3
MB,5-12-2025,Hinalea,A. triostegus,12.5,6,Reef_Flat ,5,12:44,13:14,3
MB,5-12-2025,Hinalea,S. psittacus,12.5,10,Reef_Flat ,5,12:44,13:14,3
MB,5-12-2025,Hinalea,L. fulvus,17.5,5,Reef_Flat ,5,12:44,13:14,3
MB,5-12-2025,Hinalea,C. spilurus,17.5,5,Reef_Flat ,5,12:44,13:14,3
MB,5-12-2025,Hinalea,S. psittacus,7.5,8,Reef_Flat ,5,12:44,13:14,3
MB,5-12-2025,Hinalea,A. triostegus,17.5,2,Reef_Flat ,5,12:44,13:14,3
MB,5-12-2025,Hinalea,S. psittacus,12.5,3,Reef_Flat ,5,12:44,13:14,3
MB,5-12-2025,Hinalea,S. psittacus,7.5,32,Reef_Flat ,5,12:44,13:14,3
MB,5-12-2025,Hinalea,C. spilurus,17.5,3,Reef_Flat ,5,12:44,13:14,3
MB,5-12-2025,Hinalea,S.psittacus,12.5,4,Reef_Flat ,5,12:44,13:14,3
MB,5-12-2025,Hinalea,A. triostegus,7.5,3,Reef_Flat ,5,12:44,13:14,3
MB,5-12-2025,Hinalea,S. psittacus,12.5,5,Reef_Flat ,5,12:44,13:14,3
MB,5-12-2025,Hinalea,C. spilurus,17.5,4,Reef_Flat ,5,12:44,13:14,3
MB,5-12-2025,Hinalea,S. psittacus,7.5,22,Reef_Flat ,5,12:44,13:14,3
MB,5-12-2025,Hinalea,T. duperrey,17.5,1,Reef_Flat ,5,12:44,13:14,3
MB,5-12-2025,Hinalea,C. lunulatus,17.5,4,Reef_Flat ,5,12:44,13:14,3
MB,5-12-2025,Hinalea,A. triostegus,12.5,6,Reef_Flat ,5,12:44,13:14,3
MB,5-12-2025,Hinalea,Z. cornutus,12.5,4,Reef_Flat ,5,12:44,13:14,3
MB,5-12-2025,Hinalea,C. spilurus,17.5,10,Reef_Flat ,5,12:44,13:14,3
MB,5-12-2025,Hinalea,S. psittacus,12.5,24,Reef_Flat ,5,12:44,13:14,3
MB,5-12-2025,Hinalea,A. triostegus,7.5,10,Reef_Flat ,5,12:44,13:14,3
MB,5-12-2025,Hinalea,S. psittacus,7.5,10,Reef_Flat ,5,12:44,13:14,3
MB,5-12-2025,Hinalea,A. triostegus,12.5,5,Reef_Flat ,5,12:44,13:14,3
MB,5-12-2025,Hinalea,S.psittacus,7.5,18,Reef_Flat ,5,12:44,13:14,3
MB,5-12-2025,Hinalea,T. duperrey,12.5,1,Reef_Flat ,5,12:44,13:14,3
MB,5-12-2025,Hinalea,S. psittacus,7.5,24,Reef_Flat ,5,12:44,13:14,3
MB,5-12-2025,Hinalea,A. triostegus,12.5,5,Reef_Flat ,5,12:44,13:14,3
MB,5-12-2025,Hinalea,A. triostegus,12.5,7,Reef_Flat ,5,12:44,13:14,3
MB,5-12-2025,Hinalea,S.psittacus,12.5,14,Reef_Flat ,5,12:44,13:14,3
MB,5-12-2025,Hinalea,C. spilurus,17.5,4,Reef_Flat ,5,12:44,13:14,3
MB,5-12-2025,Hinalea,A. triostegus,12.5,2,Reef_Flat ,5,12:44,13:14,3
MB,5-12-2025,Hinalea,Z. velifer,7.5,12,Reef_Flat ,5,12:44,13:14,3
MB,5-12-2025,Hinalea,A. triostegus,12.5,11,Reef_Flat ,5,12:44,13:14,3
MB,5-12-2025,Hinalea,S. psittacus,7.5,7,Reef_Flat ,5,12:44,13:14,3
MB,5-12-2025,Hinalea,A. triostegus,12.5,2,Reef_Flat ,5,12:44,13:14,3
MB,5-12-2025,Hinalea,T. duperrey,17.5,1,Reef_Flat ,5,12:44,13:14,3
MB,5-12-2025,Hinalea,C. auriga,17.5,16,Reef_Flat ,5,12:44,13:14,3
MB,5-12-2025,Hinalea,T. duperrey,17.5,1,Reef_Flat ,5,12:44,13:14,3
MB,5-12-2025,Hinalea,A. triostegus,12.5,4,Reef_Flat ,5,12:44,13:14,3
MB,5-12-2025,Hinalea,S. psittacus,12.5,8,Reef_Flat ,5,12:44,13:14,3
MB,5-12-2025,Hinalea,A. triostegus,12.5,10,Reef_Flat ,5,12:44,13:14,3
MB,5-12-2025,Hinalea,A. triostegus,7.5,5,Reef_Flat ,5,12:44,13:14,3
MB,5-12-2025,Hinalea,S. psittacus,12.5,11,Reef_Flat ,5,12:44,13:14,3
MB,5-12-2025,Hinalea,S. psittacus,12.5,15,Reef_Flat ,5,12:44,13:14,3
MB,5-12-2025,Hinalea,S. psittacus,12.5,28,Reef_Flat ,5,12:44,13:14,3
MB,5-12-2025,Hinalea,Z. velifer,17.5,6,Reef_Flat ,5,12:44,13:14,3
MB,5-12-2025,Hinalea,Z. cornutus,12.5,2,Reef_Flat ,5,12:44,13:14,3
MB,5-12-2025,Hinalea,T. duperrey,17.5,1,Reef_Flat ,5,12:44,13:14,3
MB,5-12-2025,Hinalea,Z. flavescens,17.5,18,Reef_Flat ,5,12:44,13:14,3
MB,5-12-2025,Hinalea,T. duperrey,17.5,4,Reef_Flat ,5,12:44,13:14,3
MB,5-12-2025,Hinalea,S. psittacus,7.5,24,Reef_Flat ,5,12:44,13:14,3
MB,5-12-2025,Hinalea,A. triostegus,12.5,4,Reef_Flat ,5,12:44,13:14,3
MB,5-12-2025,Hinalea,T. duperrey,17.5,2,Reef_Flat ,5,12:44,13:14,3
MB,5-12-2025,Hinalea,Z. velifer,7.5,12,Reef_Flat ,5,12:44,13:14,3
MB,5-12-2025,Hinalea,A. triostegus,12.5,4,Reef_Flat ,5,12:44,13:14,3
MB,5-12-2025,Hinalea,Z. flavescens,17.5,1,Reef_Flat ,5,12:44,13:14,3
MB,5-12-2025,Hinalea,C. spilurus,17.5,1,Reef_Flat ,5,12:44,13:14,3
MB,5-12-2025,Hinalea,L. fulvus,22.5,1,Reef_Flat ,5,12:44,13:14,3
MB,5-12-2025,Hinalea,S. psittacus,7.5,18,Reef_Flat ,5,12:44,13:14,3
MB,5-12-2025,Hinalea,S. psittacus,12.5,8,Reef_Flat ,5,12:44,13:14,3
MB,5-12-2025,Hinalea,S. psittacus,12.5,9,Reef_Flat ,5,12:44,13:14,3
MB,5-12-2025,Hinalea,S. psittacus,12.5,10,Reef_Flat ,5,12:44,13:14,3
MB,5-12-2025,Hinalea,C. spilurus,17.5,5,Reef_Flat ,5,12:44,13:14,3
MB,5-12-2025,Hinalea,G. varius,12.5,1,Reef_Flat ,5,12:44,13:14,3
MB,5-12-2025,Hinalea,C.spilurus,12.5,17,Reef_Flat ,5,12:44,13:14,3
MB,5-12-2025,Hinalea,C.spilurus,17.5,3,Reef_Flat ,5,12:44,13:14,3
MB,5-12-2025,Hinalea,A. triostegus,2.5,22,Reef_Flat ,5,12:44,13:14,3
MB,5-12-2025,Hinalea,C. lunulatus,12.5,1,Reef_Flat ,5,12:44,13:14,3
MB,5-12-2025,Hinalea,Z. velifer,7.5,26,Reef_Flat ,5,12:44,13:14,3
MB,5-12-2025,Hinalea,T. duperrey,12.5,1,Reef_Flat ,5,12:44,13:14,3
MB,5-12-2025,Hinalea,A. triostegus,12.5,3,Patchy_Reef,6,13:20,13:39,3
MB,5-12-2025,Hinalea,C.spilurus,17.5,3,Patchy_Reef,6,13:20,13:39,3
MB,5-12-2025,Hinalea,A. triostegus,12.5,8,Patchy_Reef,6,13:20,13:39,3
MB,5-12-2025,Hinalea,L. fulvus,17.5,1,Patchy_Reef,6,13:20,13:39,3
MB,5-12-2025,Hinalea,A. triostegus,12.5,4,Patchy_Reef,6,13:20,13:39,3
MB,5-12-2025,Hinalea,M. flavolineatus,17.5,4,Patchy_Reef,6,13:20,13:39,3
MB,5-12-2025,Hinalea,A. triostegus,12.5,2,Patchy_Reef,6,13:20,13:39,3
MB,5-12-2025,Hinalea,S. psittacus,17.5,10,Patchy_Reef,6,13:20,13:39,3
MB,5-12-2025,Hinalea,A. triostegus,22.5,15,Patchy_Reef,6,13:20,13:39,3
MB,5-12-2025,Hinalea,Z. cornutus,12.5,12,Patchy_Reef,6,13:20,13:39,3
MB,5-12-2025,Hinalea,M. flavolineatus,17.5,15,Patchy_Reef,6,13:20,13:39,3
MB,5-12-2025,Hinalea,L. fulvus,17.5,3,Patchy_Reef,6,13:20,13:39,3
MB,5-12-2025,Hinalea,Z. flavescens,17.5,5,Patchy_Reef,6,13:20,13:39,3
MB,5-12-2025,Hinalea,C. auriga,17.5,2,Patchy_Reef,6,13:20,13:39,3
MB,5-12-2025,Hinalea,A. triostegus,12.5,3,Patchy_Reef,6,13:20,13:39,3
MB,5-12-2025,Hinalea,G. varius,17.5,1,Patchy_Reef,6,13:20,13:39,3
MB,5-12-2025,Hinalea,Z. flavescens,12.5,1,Patchy_Reef,6,13:20,13:39,3
MB,5-12-2025,Hinalea,T. duperrey,17.5,1,Patchy_Reef,6,13:20,13:39,3
MB,5-12-2025,Hinalea,M. flavolineatus,12.5,5,Patchy_Reef,6,13:20,13:39,3
MB,5-12-2025,Hinalea,Z. flavescens,17.5,2,Patchy_Reef,6,13:20,13:39,3
MB,5-12-2025,Hinalea,S. psittacus,12.5,5,Patchy_Reef,6,13:20,13:39,3
MB,5-12-2025,Hinalea,S. psittacus,17.5,5,Patchy_Reef,6,13:20,13:39,3
MB,5-12-2025,Hinalea,M. flavolineatus,27.5,8,Patchy_Reef,6,13:20,13:39,3
MB,5-12-2025,Hinalea,M. flavolineatus,27.5,1,Patchy_Reef,6,13:20,13:39,3
MB,5-12-2025,Hinalea,L. fulvus,12.5,1,Patchy_Reef,6,13:20,13:39,3
MB,5-12-2025,Hinalea,T. duperrey,17.5,1,Patchy_Reef,6,13:20,13:39,3
MB,5-12-2025,Hinalea,A. triostegus,12.5,5,Patchy_Reef,6,13:20,13:39,3
MB,5-12-2025,Hinalea,A. triostegus,12.5,4,Patchy_Reef,6,13:20,13:39,3
MB,5-12-2025,Hinalea,S. psittacus,12.5,5,Patchy_Reef,6,13:20,13:39,3
MB,5-12-2025,Hinalea,M. flavolineatus,17.5,10,Patchy_Reef,6,13:20,13:39,3
MB,5-12-2025,Hinalea,Z. flavescens,17.5,2,Patchy_Reef,6,13:20,13:39,3
MB,5-12-2025,Hinalea,Z. flavescens,17.5,6,Patchy_Reef,6,13:20,13:39,3
MB,5-12-2025,Hinalea,T. duperrey,12.5,1,Patchy_Reef,6,13:20,13:39,3
MB,5-12-2025,Hinalea,A. triostegus,17.5,3,Patchy_Reef,6,13:20,13:39,3
MB,5-12-2025,Hinalea,C. spilurus,17.5,4,Patchy_Reef,6,13:20,13:39,3
MB,5-12-2025,Hinalea,S. psittacus,12.5,6,Patchy_Reef,6,13:20,13:39,3
MB,5-12-2025,Hinalea,A. triostegus,12.5,4,Patchy_Reef,6,13:20,13:39,3
MB,5-12-2025,Hinalea,C. melampygus,27.5,9,Patchy_Reef,6,13:20,13:39,3
MB,5-12-2025,Hinalea,Z. velifer,7.5,14,Patchy_Reef,6,13:20,13:39,3
MB,5-12-2025,Hinalea,A. triostegus,17.5,1,Patchy_Reef,6,13:20,13:39,3
MB,5-12-2025,Hinalea,A. triostegus,12.5,4,Patchy_Reef,6,13:20,13:39,3
MB,5-12-2025,Hinalea,E. nebulosa,22.5,1,Patchy_Reef,6,13:20,13:39,3
MB,5-12-2025,Hinalea,N. unicornis,32.5,8,Patchy_Reef,6,13:20,13:39,3
MB,5-12-2025,Hinalea,F. commersonii,12.5,1,Sand,7,13:43,14:00,3
MB,5-12-2025,Hinalea,M. flavolineatus,17.5,3,Sand,8,14:10,14:45,3
MB,5-12-2025,Hinalea,A. triostegus,17.5,9,Sand,8,14:10,14:45,3
MB,5-12-2025,Hinalea,M. flavolineatus,12.5,3,Sand,8,14:10,14:45,3
MB,5-12-2025,Hinalea,A. triostegus,17.5,1,Sand,8,14:10,14:45,3
MB,5-12-2025,Hinalea,M. flavolineatus,32.5,1,Sand,8,14:10,14:45,3
MB,5-12-2025,Hinalea,M. flavolineatus,22.5,1,Sand,8,14:10,14:45,3
MB,5-12-2025,Hinalea,M. flavolineatus,17.5,11,Sand,8,14:10,14:45,3
MB,5-12-2025,Hinalea,A. glossodonta,32.5,4,Sand,8,14:10,14:45,3
MB,5-12-2025,Hinalea,C. melampygus,22.5,2,Sand,9,14:50,15:00,3
MB,5-12-2025,Hinalea,M. flavolineatus,22.5,2,Sand,9,14:50,15:00,3
NGS,5-12-2025,Hinalea,A. triostegus,7.5,1,Reef_Flat ,1,10:18,10:45,3
NGS,5-12-2025,Hinalea,C. spilurus,12.5,1,Reef_Flat ,1,10:18,10:45,3
NGS,5-12-2025,Hinalea,A. triostegus,7.5,1,Reef_Flat ,1,10:18,10:45,3
NGS,5-12-2025,Hinalea,A. triostegus,12.5,1,Reef_Flat ,1,10:18,10:45,3
NGS,5-12-2025,Hinalea,S. psittacus,7.5,18,Reef_Flat ,1,10:18,10:45,3
NGS,5-12-2025,Hinalea,A. triostegus,7.5,6,Reef_Flat ,1,10:18,10:45,3
NGS,5-12-2025,Hinalea,S. psittacus,2.5,21,Reef_Flat ,1,10:18,10:45,3
NGS,5-12-2025,Hinalea,A. triostegus,7.5,2,Reef_Flat ,1,10:18,10:45,3
NGS,5-12-2025,Hinalea,C. spilurus,12.5,1,Reef_Flat ,1,10:18,10:45,3
NGS,5-12-2025,Hinalea,A. triostegus,12.5,2,Reef_Flat ,1,10:18,10:45,3
NGS,5-12-2025,Hinalea,C. spilurus,17.5,1,Reef_Flat ,1,10:18,10:45,3
NGS,5-12-2025,Hinalea,A. triostegus,12.5,1,Reef_Flat ,1,10:18,10:45,3
NGS,5-12-2025,Hinalea,C. spilurus,12.5,1,Reef_Flat ,1,10:18,10:45,3
NGS,5-12-2025,Hinalea,T. duperrey,17.5,1,Reef_Flat ,1,10:18,10:45,3
NGS,5-12-2025,Hinalea,A. triostegus,2.5,4,Reef_Flat ,1,10:18,10:45,3
NGS,5-12-2025,Hinalea,A. triostegus,12.5,1,Reef_Flat ,1,10:18,10:45,3
NGS,5-12-2025,Hinalea,S. psittacus,7.5,19,Reef_Flat ,1,10:18,10:45,3
NGS,5-12-2025,Hinalea,Z. velifer,7.5,1,Reef_Flat ,1,10:18,10:45,3
NGS,5-12-2025,Hinalea,A. triostegus,7.5,22,Reef_Flat ,1,10:18,10:45,3
NGS,5-12-2025,Hinalea,Z. velifer,2.5,1,Reef_Flat ,1,10:18,10:45,3
NGS,5-12-2025,Hinalea,A. triostegus,12.5,2,Reef_Flat ,1,10:18,10:45,3
NGS,5-12-2025,Hinalea,T. duperrey,17.5,1,Reef_Flat ,1,10:18,10:45,3
NGS,5-12-2025,Hinalea,A. triostegus,7.5,11,Reef_Flat ,1,10:18,10:45,3
NGS,5-12-2025,Hinalea,Z. cornutus,17.5,1,Reef_Flat ,1,10:18,10:45,3
NGS,5-12-2025,Hinalea,Z. velifer,7.5,2,Reef_Flat ,1,10:18,10:45,3
NGS,5-12-2025,Hinalea,A. triostegus,12.5,1,Reef_Flat ,1,10:18,10:45,3
NGS,5-12-2025,Hinalea,Z. velifer,12.5,1,Reef_Flat ,1,10:18,10:45,3
NGS,5-12-2025,Hinalea,T. duperrey,17.5,1,Reef_Flat ,1,10:18,10:45,3
NGS,5-12-2025,Hinalea,S. psittacus,7.5,25,Reef_Flat ,1,10:18,10:45,3
NGS,5-12-2025,Hinalea,A. triostegus,12.5,1,Reef_Flat ,1,10:18,10:45,3
NGS,5-12-2025,Hinalea,Z. velifer,17.5,1,Reef_Flat ,1,10:18,10:45,3
NGS,5-12-2025,Hinalea,A. triostegus,2.5,18,Reef_Flat ,1,10:18,10:45,3
NGS,5-12-2025,Hinalea,A. triostegus,7.5,8,Reef_Flat ,1,10:18,10:45,3
NGS,5-12-2025,Hinalea,S. psittacus,2.5,24,Reef_Flat ,1,10:18,10:45,3
NGS,5-12-2025,Hinalea,A. triostegus,7.5,14,Reef_Flat ,1,10:18,10:45,3
NGS,5-12-2025,Hinalea,Z. velifer,12.5,1,Reef_Flat ,1,10:18,10:45,3
NGS,5-12-2025,Hinalea,S. psittacus,2.5,21,Reef_Flat ,1,10:18,10:45,3
NGS,5-12-2025,Hinalea,Z. velifer,7.5,1,Reef_Flat ,1,10:18,10:45,3
NGS,5-12-2025,Hinalea,T. duperrey,22.5,1,Reef_Flat ,1,10:18,10:45,3
NGS,5-12-2025,Hinalea,T. duperrey,17.5,1,Reef_Flat ,1,10:18,10:45,3
NGS,5-12-2025,Hinalea,C. spilurus,12.5,1,Reef_Flat ,1,10:18,10:45,3
NGS,5-12-2025,Hinalea,A. triostegus,7.5,25,Reef_Flat ,1,10:18,10:45,3
NGS,5-12-2025,Hinalea,T. duperrey,17.5,1,Reef_Flat ,1,10:18,10:45,3
NGS,5-12-2025,Hinalea,A. triostegus,12.5,2,Reef_Flat ,1,10:18,10:45,3
NGS,5-12-2025,Hinalea,C. spilurus,17.5,3,Reef_Flat ,1,10:18,10:45,3
NGS,5-12-2025,Hinalea,L. fulvus,17.5,1,Reef_Flat ,1,10:18,10:45,3
NGS,5-12-2025,Hinalea,A. triostegus,7.5,13,Reef_Flat ,1,10:18,10:45,3
NGS,5-12-2025,Hinalea,C. lunulatus,17.5,2,Reef_Flat ,1,10:18,10:45,3
NGS,5-12-2025,Hinalea,A. triostegus,2.5,22,Reef_Flat ,1,10:18,10:45,3
NGS,5-12-2025,Hinalea,S. psittacus,2.5,28,Reef_Flat ,1,10:18,10:45,3
NGS,5-12-2025,Hinalea,Z. velifer,12.5,1,Reef_Flat ,1,10:18,10:45,3
NGS,5-12-2025,Hinalea,S. psittacus,7.5,20,Reef_Flat ,1,10:18,10:45,3
NGS,5-12-2025,Hinalea,A. triostegus,17.5,1,Patchy_Reef,2,10:55,11:21,3
NGS,5-12-2025,Hinalea,A. triostegus,12.5,3,Patchy_Reef,2,10:55,11:21,3
NGS,5-12-2025,Hinalea,L. fulvus,22.5,1,Patchy_Reef,2,10:55,11:21,3
NGS,5-12-2025,Hinalea,Z. velifer,12.5,1,Patchy_Reef,2,10:55,11:21,3
NGS,5-12-2025,Hinalea,A. triostegus,12.5,7,Patchy_Reef,2,10:55,11:21,3
NGS,5-12-2025,Hinalea,Z. flavescens,17.5,1,Patchy_Reef,2,10:55,11:21,3
NGS,5-12-2025,Hinalea,C. auriga,17.5,1,Patchy_Reef,2,10:55,11:21,3
NGS,5-12-2025,Hinalea,Z. cornutus,12.5,1,Patchy_Reef,2,10:55,11:21,3
NGS,5-12-2025,Hinalea,Z. flavescens,12.5,1,Patchy_Reef,2,10:55,11:21,3
NGS,5-12-2025,Hinalea,C. spilurus,12.5,9,Patchy_Reef,2,10:55,11:21,3
NGS,5-12-2025,Hinalea,T. duperrey,12.5,1,Patchy_Reef,2,10:55,11:21,3
NGS,5-12-2025,Hinalea,S. psittacus,12.5,16,Patchy_Reef,2,10:55,11:21,3
NGS,5-12-2025,Hinalea,M. flavolineatus,17.5,24,Patchy_Reef,2,10:55,11:21,3
NGS,5-12-2025,Hinalea,C. spilurus,17.5,3,Patchy_Reef,2,10:55,11:21,3
NGS,5-12-2025,Hinalea,C. auriga,22.5,2,Patchy_Reef,2,10:55,11:21,3
NGS,5-12-2025,Hinalea,Z. flavescens,17.5,2,Patchy_Reef,2,10:55,11:21,3
NGS,5-12-2025,Hinalea,S. psittacus,7.5,16,Patchy_Reef,2,10:55,11:21,3
NGS,5-12-2025,Hinalea,C. lunulatus,12.5,1,Patchy_Reef,2,10:55,11:21,3
NGS,5-12-2025,Hinalea,A. triostegus,12.5,2,Patchy_Reef,2,10:55,11:21,3
NGS,5-12-2025,Hinalea,T. duperrey,22.5,1,Patchy_Reef,2,10:55,11:21,3
NGS,5-12-2025,Hinalea,Z. velifer,12.5,3,Patchy_Reef,2,10:55,11:21,3
NGS,5-12-2025,Hinalea,A. triostegus,12.5,5,Patchy_Reef,2,10:55,11:21,3
NGS,5-12-2025,Hinalea,S. psittacus,7.5,11,Patchy_Reef,2,10:55,11:21,3
NGS,5-12-2025,Hinalea,Z. velifer,12.5,4,Patchy_Reef,2,10:55,11:21,3
NGS,5-12-2025,Hinalea,C. spilurus,12.5,13,Patchy_Reef,2,10:55,11:21,3
NGS,5-12-2025,Hinalea,Z. velifer,7.5,8,Patchy_Reef,2,10:55,11:21,3
NGS,5-12-2025,Hinalea,S. psittacus,7.5,29,Patchy_Reef,2,10:55,11:21,3
NGS,5-12-2025,Hinalea,C. spilurus,12.5,9,Patchy_Reef,2,10:55,11:21,3
NGS,5-12-2025,Hinalea,A. triostegus,12.5,1,Patchy_Reef,2,10:55,11:21,3
NGS,5-12-2025,Hinalea,A. triostegus,17.5,5,Patchy_Reef,2,10:55,11:21,3
NGS,5-12-2025,Hinalea,S. psittacus,7.5,26,Patchy_Reef,2,10:55,11:21,3
NGS,5-12-2025,Hinalea,Z. velifer,12.5,1,Patchy_Reef,2,10:55,11:21,3
NGS,5-12-2025,Hinalea,Z. velifer,7.5,1,Patchy_Reef,2,10:55,11:21,3
NGS,5-12-2025,Hinalea,A. triostegus,12.5,3,Patchy_Reef,2,10:55,11:21,3
NGS,5-12-2025,Hinalea,S. psittacus,12.5,18,Patchy_Reef,2,10:55,11:21,3
NGS,5-12-2025,Hinalea,L. fulvus,27.5,1,Patchy_Reef,2,10:55,11:21,3
NGS,5-12-2025,Hinalea,Z. flavescens,17.5,3,Patchy_Reef,2,10:55,11:21,3
NGS,5-12-2025,Hinalea,C. spilurus,12.5,6,Patchy_Reef,2,10:55,11:21,3
NGS,5-12-2025,Hinalea,Z. velifer,7.5,1,Patchy_Reef,2,10:55,11:21,3
NGS,5-12-2025,Hinalea,A. triostegus,12.5,5,Patchy_Reef,2,10:55,11:21,3
NGS,5-12-2025,Hinalea,Z. velifer,12.5,1,Patchy_Reef,2,10:55,11:21,3
NGS,5-12-2025,Hinalea,A. triostegus,12.5,3,Patchy_Reef,2,10:55,11:21,3
NGS,5-12-2025,Hinalea,C. spilurus,17.5,4,Patchy_Reef,2,10:55,11:21,3
NGS,5-12-2025,Hinalea,T. duperrey,17.5,1,Patchy_Reef,2,10:55,11:21,3
NGS,5-12-2025,Hinalea,A. triostegus,17.5,1,Patchy_Reef,2,10:55,11:21,3
NGS,5-12-2025,Hinalea,A. triostegus,17.5,3,Patchy_Reef,2,10:55,11:21,3
NGS,5-12-2025,Hinalea,S. psittacus,7.5,5,Patchy_Reef,2,10:55,11:21,3
NGS,5-12-2025,Hinalea,A. triostegus,17.5,2,Patchy_Reef,2,10:55,11:21,3
NGS,5-12-2025,Hinalea,C. auriga,7.5,10,Patchy_Reef,2,10:55,11:21,3
NGS,5-12-2025,Hinalea,A. triostegus,12.5,3,Reef_Flat ,3,11:29,12:01,3
NGS,5-12-2025,Hinalea,C. spilurus,17.5,1,Reef_Flat ,3,11:29,12:01,3
NGS,5-12-2025,Hinalea,C. spilurus,12.5,13,Reef_Flat ,3,11:29,12:01,3
NGS,5-12-2025,Hinalea,C. auriga,17.5,1,Reef_Flat ,3,11:29,12:01,3
NGS,5-12-2025,Hinalea,A. triostegus,12.5,1,Reef_Flat ,3,11:29,12:01,3
NGS,5-12-2025,Hinalea,S. psittacus,7.5,11,Reef_Flat ,3,11:29,12:01,3
NGS,5-12-2025,Hinalea,A. triostegus,7.5,7,Reef_Flat ,3,11:29,12:01,3
NGS,5-12-2025,Hinalea,A. triostegus,12.5,2,Reef_Flat ,3,11:29,12:01,3
NGS,5-12-2025,Hinalea,S. psittacus,7.5,14,Reef_Flat ,3,11:29,12:01,3
NGS,5-12-2025,Hinalea,A. triostegus,7.5,7,Reef_Flat ,3,11:29,12:01,3
NGS,5-12-2025,Hinalea,A. triostegus,12.5,1,Reef_Flat ,3,11:29,12:01,3
NGS,5-12-2025,Hinalea,S. psittacus,7.5,15,Reef_Flat ,3,11:29,12:01,3
NGS,5-12-2025,Hinalea,A. triostegus,12.5,1,Reef_Flat ,3,11:29,12:01,3
NGS,5-12-2025,Hinalea,C. auriga,17.5,1,Reef_Flat ,3,11:29,12:01,3
NGS,5-12-2025,Hinalea,T. duperrey,17.5,1,Reef_Flat ,3,11:29,12:01,3
NGS,5-12-2025,Hinalea,A. triostegus,12.5,1,Reef_Flat ,3,11:29,12:01,3
NGS,5-12-2025,Hinalea,C. spilurus,12.5,4,Reef_Flat ,3,11:29,12:01,3
NGS,5-12-2025,Hinalea,Z. velifer,12.5,3,Reef_Flat ,3,11:29,12:01,3
NGS,5-12-2025,Hinalea,S. psittacus,7.5,25,Reef_Flat ,3,11:29,12:01,3
NGS,5-12-2025,Hinalea,A. triostegus,7.5,8,Reef_Flat ,3,11:29,12:01,3
NGS,5-12-2025,Hinalea,S. psittacus,2.5,13,Reef_Flat ,3,11:29,12:01,3
NGS,5-12-2025,Hinalea,A. triostegus,12.5,1,Reef_Flat ,3,11:29,12:01,3
NGS,5-12-2025,Hinalea,Z. velifer,12.5,2,Reef_Flat ,3,11:29,12:01,3
NGS,5-12-2025,Hinalea,A. triostegus,7.5,12,Reef_Flat ,3,11:29,12:01,3
NGS,5-12-2025,Hinalea,S. psittacus,2.5,22,Reef_Flat ,3,11:29,12:01,3
NGS,5-12-2025,Hinalea,G. varius,17.5,1,Reef_Flat ,3,11:29,12:01,3
NGS,5-12-2025,Hinalea,C. spilurus,17.5,4,Reef_Flat ,3,11:29,12:01,3
NGS,5-12-2025,Hinalea,Z. velifer,12.5,3,Reef_Flat ,3,11:29,12:01,3
NGS,5-12-2025,Hinalea,S. psittacus,2.5,11,Reef_Flat ,3,11:29,12:01,3
NGS,5-12-2025,Hinalea,Z. velifer,12.5,3,Reef_Flat ,3,11:29,12:01,3
NGS,5-12-2025,Hinalea,C. spilurus,17.5,5,Reef_Flat ,3,11:29,12:01,3
NGS,5-12-2025,Hinalea,T. duperrey,17.5,1,Reef_Flat ,3,11:29,12:01,3
NGS,5-12-2025,Hinalea,A. triostegus,12.5,5,Reef_Flat ,3,11:29,12:01,3
NGS,5-12-2025,Hinalea,Z. velifer,12.5,1,Reef_Flat ,3,11:29,12:01,3
NGS,5-12-2025,Hinalea,T. duperrey,17.5,1,Reef_Flat ,3,11:29,12:01,3
NGS,5-12-2025,Hinalea,A. triostegus,12.5,2,Reef_Flat ,3,11:29,12:01,3
NGS,5-12-2025,Hinalea,C. spilurus,12.5,3,Reef_Flat ,3,11:29,12:01,3
NGS,5-12-2025,Hinalea,Z. velifer,7.5,1,Reef_Flat ,3,11:29,12:01,3
NGS,5-12-2025,Hinalea,A. triostegus,7.5,7,Reef_Flat ,3,11:29,12:01,3
NGS,5-12-2025,Hinalea,S. psittacus,2.5,18,Reef_Flat ,3,11:29,12:01,3
NGS,5-12-2025,Hinalea,C. spilurus,17.5,1,Reef_Flat ,3,11:29,12:01,3
NGS,5-12-2025,Hinalea,A. triostegus,12.5,2,Reef_Flat ,3,11:29,12:01,3
NGS,5-12-2025,Hinalea,Z. velifer,7.5,5,Reef_Flat ,3,11:29,12:01,3
NGS,5-12-2025,Hinalea,C. spilurus,12.5,7,Reef_Flat ,3,11:29,12:01,3
NGS,5-12-2025,Hinalea,Z. flavescens,17.5,2,Reef_Flat ,3,11:29,12:01,3
NGS,5-12-2025,Hinalea,C. spilurus,17.5,3,Reef_Flat ,3,11:29,12:01,3
NGS,5-12-2025,Hinalea,C. spilurus,12.5,2,Reef_Flat ,3,11:29,12:01,3
NGS,5-12-2025,Hinalea,A. triostegus,12.5,1,Reef_Flat ,3,11:29,12:01,3
NGS,5-12-2025,Hinalea,Z. velifer,12.5,1,Reef_Flat ,3,11:29,12:01,3
NGS,5-12-2025,Hinalea,C. spilurus,17.5,2,Reef_Flat ,3,11:29,12:01,3
NGS,5-12-2025,Hinalea,T. duperrey,17.5,1,Reef_Flat ,3,11:29,12:01,3
NGS,5-12-2025,Hinalea,C. spilurus,22.5,2,Reef_Flat ,3,11:29,12:01,3
NGS,5-12-2025,Hinalea,Z. velifer,17.5,3,Reef_Flat ,3,11:29,12:01,3
NGS,5-12-2025,Hinalea,C. lunulatus,17.5,1,Reef_Flat ,3,11:29,12:01,3
NGS,5-12-2025,Hinalea,Z. cornutus,17.5,2,Reef_Flat ,3,11:29,12:01,3
NGS,5-12-2025,Hinalea,C. spilurus,12.5,11,Reef_Flat ,3,11:29,12:01,3
NGS,5-12-2025,Hinalea,T. duperrey,22.5,1,Reef_Flat ,3,11:29,12:01,3
NGS,5-12-2025,Hinalea,C. auriga,22.5,1,Reef_Flat ,3,11:29,12:01,3
NGS,5-12-2025,Hinalea,A. triostegus,12.5,6,Reef_Flat ,3,11:29,12:01,3
NGS,5-12-2025,Hinalea,A. triostegus,12.5,1,Reef_Flat ,3,11:29,12:01,3
NGS,5-12-2025,Hinalea,C. spilurus,17.5,1,Reef_Flat ,3,11:29,12:01,3
NGS,5-12-2025,Hinalea,C. spilurus,17.5,8,Reef_Flat ,3,11:29,12:01,3
NGS,5-12-2025,Hinalea,Z. cornutus,17.5,3,Reef_Flat ,3,11:29,12:01,3
NGS,5-12-2025,Hinalea,C. lunulatus,17.5,1,Reef_Flat ,3,11:29,12:01,3
NGS,5-12-2025,Hinalea,A. triostegus,7.5,5,Reef_Flat ,3,11:29,12:01,3
NGS,5-12-2025,Hinalea,Z. velifer,7.5,7,Reef_Flat ,3,11:29,12:01,3
NGS,5-12-2025,Hinalea,S. psittacus,12.5,9,Reef_Flat ,3,11:29,12:01,3
NGS,5-12-2025,Hinalea,C. auriga,17.5,1,Reef_Flat ,3,11:29,12:01,3
NGS,5-12-2025,Hinalea,C. spilurus,22.5,2,Reef_Flat ,3,11:29,12:01,3
NGS,5-12-2025,Hinalea,S. psittacus,2.5,9,Reef_Flat ,3,11:29,12:01,3
NGS,5-12-2025,Hinalea,Z. velifer,17.5,1,Reef_Flat ,3,11:29,12:01,3
NGS,5-12-2025,Hinalea,A. triostegus,12.5,1,Reef_Flat ,3,11:29,12:01,3
NGS,5-12-2025,Hinalea,A. triostegus,12.5,1,Reef_Flat ,3,11:29,12:01,3
NGS,5-12-2025,Hinalea,C. spilurus,17.5,4,Reef_Flat ,3,11:29,12:01,3
NGS,5-12-2025,Hinalea,Z. velifer,17.5,1,Reef_Flat ,3,11:29,12:01,3
NGS,5-12-2025,Hinalea,S. psittacus,7.5,15,Reef_Flat ,3,11:29,12:01,3
NGS,5-12-2025,Hinalea,S. psittacus,7.5,13,Reef_Flat ,3,11:29,12:01,3
NGS,5-12-2025,Hinalea,T. duperrey,17.5,1,Reef_Flat ,3,11:29,12:01,3
NGS,5-12-2025,Hinalea,C. spilurus,17.5,6,Reef_Flat ,3,11:29,12:01,3
NGS,5-12-2025,Hinalea,C. auriga,17.5,1,Reef_Flat ,3,11:29,12:01,3
NGS,5-12-2025,Hinalea,S. psittacus,7.5,27,Reef_Flat ,3,11:29,12:01,3
NGS,5-12-2025,Hinalea,Z. velifer,17.5,1,Reef_Flat ,3,11:29,12:01,3
NGS,5-12-2025,Hinalea,S. psittacus,7.5,16,Reef_Flat ,3,11:29,12:01,3
NGS,5-12-2025,Hinalea,A. triostegus,2.5,19,Reef_Flat ,3,11:29,12:01,3
NGS,5-12-2025,Hinalea,C. auriga,12.5,1,Reef_Flat ,3,11:29,12:01,3
NGS,5-12-2025,Hinalea,C. spilurus,17.5,9,Reef_Flat ,3,11:29,12:01,3
NGS,5-12-2025,Hinalea,A. triostegus,17.5,3,Patchy_Reef,4,12:07,12:26,3
NGS,5-12-2025,Hinalea,C. spilurus,17.5,2,Patchy_Reef,4,12:07,12:26,3
NGS,5-12-2025,Hinalea,C. auriga,22.5,2,Patchy_Reef,4,12:07,12:26,3
NGS,5-12-2025,Hinalea,S. psittacus,7.5,13,Patchy_Reef,4,12:07,12:26,3
NGS,5-12-2025,Hinalea,L. fulvus,27.5,1,Patchy_Reef,4,12:07,12:26,3
NGS,5-12-2025,Hinalea,T. duperrey,17.5,1,Patchy_Reef,4,12:07,12:26,3
NGS,5-12-2025,Hinalea,A. triostegus,12.5,3,Patchy_Reef,4,12:07,12:26,3
NGS,5-12-2025,Hinalea,Z. velifer,17.5,1,Patchy_Reef,4,12:07,12:26,3
NGS,5-12-2025,Hinalea,C. lunulatus,22.5,2,Patchy_Reef,4,12:07,12:26,3
NGS,5-12-2025,Hinalea,M. flavolineatus,17.5,8,Patchy_Reef,4,12:07,12:26,3
NGS,5-12-2025,Hinalea,L. fulvus,22.5,1,Patchy_Reef,4,12:07,12:26,3
NGS,5-12-2025,Hinalea,C. spilurus,17.5,2,Patchy_Reef,4,12:07,12:26,3
NGS,5-12-2025,Hinalea,M. flavolineatus,17.5,11,Patchy_Reef,4,12:07,12:26,3
NGS,5-12-2025,Hinalea,A. triostegus,17.5,1,Patchy_Reef,4,12:07,12:26,3
NGS,5-12-2025,Hinalea,S. psittacus,12.5,6,Patchy_Reef,4,12:07,12:26,3
NGS,5-12-2025,Hinalea,A. triostegus,17.5,2,Patchy_Reef,4,12:07,12:26,3
NGS,5-12-2025,Hinalea,M. flavolineatus,17.5,13,Patchy_Reef,4,12:07,12:26,3
NGS,5-12-2025,Hinalea,C. auriga,22.5,1,Patchy_Reef,4,12:07,12:26,3
NGS,5-12-2025,Hinalea,M. flavolineatus,17.5,7,Patchy_Reef,4,12:07,12:26,3
NGS,5-12-2025,Hinalea,S. psittacus,17.5,9,Patchy_Reef,4,12:07,12:26,3
NGS,5-12-2025,Hinalea,A. triostegus,17.5,1,Patchy_Reef,4,12:07,12:26,3
NGS,5-12-2025,Hinalea,M. flavolineatus,27.5,1,Patchy_Reef,4,12:07,12:26,3
NGS,5-12-2025,Hinalea,M. flavolineatus,27.5,2,Patchy_Reef,4,12:07,12:26,3
NGS,5-12-2025,Hinalea,Z. flavescens,17.5,1,Patchy_Reef,4,12:07,12:26,3
NGS,5-12-2025,Hinalea,A. triostegus,17.5,2,Patchy_Reef,4,12:07,12:26,3
NGS,5-12-2025,Hinalea,C. spilurus,22.5,3,Patchy_Reef,4,12:07,12:26,3
NGS,5-12-2025,Hinalea,M. flavolineatus,17.5,3,Patchy_Reef,4,12:07,12:26,3
NGS,5-12-2025,Hinalea,Z. velifer,17.5,1,Patchy_Reef,4,12:07,12:26,3
NGS,5-12-2025,Hinalea,A. triostegus,17.5,2,Patchy_Reef,4,12:07,12:26,3
NGS,5-12-2025,Hinalea,L. fulvus,22.5,1,Patchy_Reef,4,12:07,12:26,3
NGS,5-12-2025,Hinalea,A. triostegus,17.5,2,Patchy_Reef,4,12:07,12:26,3
NGS,5-12-2025,Hinalea,S. psittacus,7.5,29,Patchy_Reef,4,12:07,12:26,3
NGS,5-12-2025,Hinalea,C. spilurus,22.5,8,Patchy_Reef,4,12:07,12:26,3
NGS,5-12-2025,Hinalea,L. fulvus,22.5,1,Patchy_Reef,4,12:07,12:26,3
NGS,5-12-2025,Hinalea,Z. flavescens,22.5,2,Patchy_Reef,4,12:07,12:26,3
NGS,5-12-2025,Hinalea,S. psittacus,12.5,11,Patchy_Reef,4,12:07,12:26,3
NGS,5-12-2025,Hinalea,C. spilurus,17.5,11,Patchy_Reef,4,12:07,12:26,3
NGS,5-12-2025,Hinalea,Z. flavescens,17.5,2,Patchy_Reef,4,12:07,12:26,3
NGS,5-12-2025,Hinalea,M. flavolineatus,17.5,4,Patchy_Reef,4,12:07,12:26,3
NGS,5-12-2025,Hinalea,S. psittacus,17.5,8,Patchy_Reef,4,12:07,12:26,3
NGS,5-12-2025,Hinalea,Z. velifer,17.5,3,Patchy_Reef,4,12:07,12:26,3
NGS,5-12-2025,Hinalea,Z. cornutus,12.5,1,Patchy_Reef,4,12:07,12:26,3
NGS,5-12-2025,Hinalea,A. triostegus,17.5,6,Patchy_Reef,4,12:07,12:26,3
NGS,5-12-2025,Hinalea,L. fulvus,27.5,1,Patchy_Reef,4,12:07,12:26,3
NGS,5-12-2025,Hinalea,A. triostegus,22.5,3,Patchy_Reef,4,12:07,12:26,3
NGS,5-12-2025,Hinalea,Z. velifer,17.5,1,Patchy_Reef,4,12:07,12:26,3
NGS,5-12-2025,Hinalea,A. triostegus,17.5,4,Patchy_Reef,4,12:07,12:26,3
NGS,5-12-2025,Hinalea,S. psittacus,12.5,7,Patchy_Reef,4,12:07,12:26,3
NGS,5-12-2025,Hinalea,A. triostegus,12.5,1,Reef_Flat ,5,12:44,13:14,3
NGS,5-12-2025,Hinalea,C. spilurus,17.5,2,Reef_Flat ,5,12:44,13:14,3
NGS,5-12-2025,Hinalea,L. fulvus,22.5,1,Reef_Flat ,5,12:44,13:14,3
NGS,5-12-2025,Hinalea,C. spilurus,22.5,5,Reef_Flat ,5,12:44,13:14,3
NGS,5-12-2025,Hinalea,S. psittacus,7.5,16,Reef_Flat ,5,12:44,13:14,3
NGS,5-12-2025,Hinalea,A. triostegus,12.5,1,Reef_Flat ,5,12:44,13:14,3
NGS,5-12-2025,Hinalea,C. spilurus,17.5,7,Reef_Flat ,5,12:44,13:14,3
NGS,5-12-2025,Hinalea,S. psittacus,7.5,14,Reef_Flat ,5,12:44,13:14,3
NGS,5-12-2025,Hinalea,Z. velifer,12.5,1,Reef_Flat ,5,12:44,13:14,3
NGS,5-12-2025,Hinalea,S. psittacus,2.5,35,Reef_Flat ,5,12:44,13:14,3
NGS,5-12-2025,Hinalea,A. triostegus,17.5,2,Reef_Flat ,5,12:44,13:14,3
NGS,5-12-2025,Hinalea,T. duperrey,22.5,2,Reef_Flat ,5,12:44,13:14,3
NGS,5-12-2025,Hinalea,S. psittacus,12.5,17,Reef_Flat ,5,12:44,13:14,3
NGS,5-12-2025,Hinalea,S. psittacus,7.5,28,Reef_Flat ,5,12:44,13:14,3
NGS,5-12-2025,Hinalea,C. spilurus,12.5,13,Reef_Flat ,5,12:44,13:14,3
NGS,5-12-2025,Hinalea,A. triostegus,17.5,1,Reef_Flat ,5,12:44,13:14,3
NGS,5-12-2025,Hinalea,Z. flavescens,22.5,1,Reef_Flat ,5,12:44,13:14,3
NGS,5-12-2025,Hinalea,Z. velifer,17.5,1,Reef_Flat ,5,12:44,13:14,3
NGS,5-12-2025,Hinalea,A. triostegus,12.5,5,Reef_Flat ,5,12:44,13:14,3
NGS,5-12-2025,Hinalea,S. psittacus,7.5,26,Reef_Flat ,5,12:44,13:14,3
NGS,5-12-2025,Hinalea,S. psittacus,12.5,7,Reef_Flat ,5,12:44,13:14,3
NGS,5-12-2025,Hinalea,A. triostegus,12.5,11,Reef_Flat ,5,12:44,13:14,3
NGS,5-12-2025,Hinalea,S. psittacus,7.5,29,Reef_Flat ,5,12:44,13:14,3
NGS,5-12-2025,Hinalea,C. spilurus,17.5,5,Reef_Flat ,5,12:44,13:14,3
NGS,5-12-2025,Hinalea,A. triostegus,12.5,1,Reef_Flat ,5,12:44,13:14,3
NGS,5-12-2025,Hinalea,Z. velifer,12.5,1,Reef_Flat ,5,12:44,13:14,3
NGS,5-12-2025,Hinalea,S. psittacus,17.5,5,Reef_Flat ,5,12:44,13:14,3
NGS,5-12-2025,Hinalea,A. triostegus,12.5,1,Reef_Flat ,5,12:44,13:14,3
NGS,5-12-2025,Hinalea,Z. velifer,12.5,1,Reef_Flat ,5,12:44,13:14,3
NGS,5-12-2025,Hinalea,S. psittacus,12.5,5,Reef_Flat ,5,12:44,13:14,3
NGS,5-12-2025,Hinalea,A. triostegus,12.5,8,Reef_Flat ,5,12:44,13:14,3
NGS,5-12-2025,Hinalea,A. triostegus,2.5,28,Reef_Flat ,5,12:44,13:14,3
NGS,5-12-2025,Hinalea,S. psittacus,7.5,16,Reef_Flat ,5,12:44,13:14,3
NGS,5-12-2025,Hinalea,S. psittacus,2.5,31,Reef_Flat ,5,12:44,13:14,3
NGS,5-12-2025,Hinalea,L. fulvus,22.5,1,Reef_Flat ,5,12:44,13:14,3
NGS,5-12-2025,Hinalea,Z. velifer,12.5,1,Reef_Flat ,5,12:44,13:14,3
NGS,5-12-2025,Hinalea,S. psittacus,7.5,18,Reef_Flat ,5,12:44,13:14,3
NGS,5-12-2025,Hinalea,Z. velifer,7.5,9,Reef_Flat ,5,12:44,13:14,3
NGS,5-12-2025,Hinalea,Z. velifer,7.5,1,Reef_Flat ,5,12:44,13:14,3
NGS,5-12-2025,Hinalea,A. triostegus,12.5,2,Reef_Flat ,5,12:44,13:14,3
NGS,5-12-2025,Hinalea,Z. velifer,17.5,1,Reef_Flat ,5,12:44,13:14,3
NGS,5-12-2025,Hinalea,S. psittacus,7.5,40,Reef_Flat ,5,12:44,13:14,3
NGS,5-12-2025,Hinalea,Z. velifer,7.5,1,Reef_Flat ,5,12:44,13:14,3
NGS,5-12-2025,Hinalea,S. psittacus,12.5,4,Reef_Flat ,5,12:44,13:14,3
NGS,5-12-2025,Hinalea,Z. velifer,12.5,1,Reef_Flat ,5,12:44,13:14,3
NGS,5-12-2025,Hinalea,S. psittacus,12.5,13,Reef_Flat ,5,12:44,13:14,3
NGS,5-12-2025,Hinalea,Z. velifer,12.5,1,Reef_Flat ,5,12:44,13:14,3
NGS,5-12-2025,Hinalea,C. spilurus,17.5,6,Reef_Flat ,5,12:44,13:14,3
NGS,5-12-2025,Hinalea,A. triostegus,7.5,16,Reef_Flat ,5,12:44,13:14,3
NGS,5-12-2025,Hinalea,S. psittacus,7.5,36,Reef_Flat ,5,12:44,13:14,3
NGS,5-12-2025,Hinalea,S. psittacus,2.5,29,Reef_Flat ,5,12:44,13:14,3
NGS,5-12-2025,Hinalea,Z. velifer,12.5,1,Reef_Flat ,5,12:44,13:14,3
NGS,5-12-2025,Hinalea,Z. velifer,7.5,7,Reef_Flat ,5,12:44,13:14,3
NGS,5-12-2025,Hinalea,S. psittacus,12.5,18,Reef_Flat ,5,12:44,13:14,3
NGS,5-12-2025,Hinalea,A. triostegus,12.5,1,Reef_Flat ,5,12:44,13:14,3
NGS,5-12-2025,Hinalea,A. triostegus,12.5,1,Reef_Flat ,5,12:44,13:14,3
NGS,5-12-2025,Hinalea,C. spilurus,12.5,8,Reef_Flat ,5,12:44,13:14,3
NGS,5-12-2025,Hinalea,Z. velifer,12.5,1,Reef_Flat ,5,12:44,13:14,3
NGS,5-12-2025,Hinalea,T. duperrey,17.5,1,Reef_Flat ,5,12:44,13:14,3
NGS,5-12-2025,Hinalea,A. triostegus,17.5,2,Reef_Flat ,5,12:44,13:14,3
NGS,5-12-2025,Hinalea,Z. velifer,12.5,5,Reef_Flat ,5,12:44,13:14,3
NGS,5-12-2025,Hinalea,S. psittacus,12.5,17,Reef_Flat ,5,12:44,13:14,3
NGS,5-12-2025,Hinalea,C. spilurus,12.5,8,Reef_Flat ,5,12:44,13:14,3
NGS,5-12-2025,Hinalea,Z. velifer,12.5,1,Reef_Flat ,5,12:44,13:14,3
NGS,5-12-2025,Hinalea,S. psittacus,7.5,23,Reef_Flat ,5,12:44,13:14,3
NGS,5-12-2025,Hinalea,A. triostegus,12.5,11,Reef_Flat ,5,12:44,13:14,3
NGS,5-12-2025,Hinalea,Z. velifer,7.5,1,Reef_Flat ,5,12:44,13:14,3
NGS,5-12-2025,Hinalea,S. psittacus,12.5,9,Reef_Flat ,5,12:44,13:14,3
NGS,5-12-2025,Hinalea,C. spilurus,12.5,5,Reef_Flat ,5,12:44,13:14,3
NGS,5-12-2025,Hinalea,C. spilurus,12.5,5,Reef_Flat ,5,12:44,13:14,3
NGS,5-12-2025,Hinalea,S. psittacus,7.5,2,Reef_Flat ,5,12:44,13:14,3
NGS,5-12-2025,Hinalea,S. psittacus,12.5,24,Patchy_Reef,6,13:20,13:39,3
NGS,5-12-2025,Hinalea,A. triostegus,17.5,3,Patchy_Reef,6,13:20,13:39,3
NGS,5-12-2025,Hinalea,C. spilurus,12.5,6,Patchy_Reef,6,13:20,13:39,3
NGS,5-12-2025,Hinalea,C. lunulatus,17.5,1,Patchy_Reef,6,13:20,13:39,3
NGS,5-12-2025,Hinalea,A. triostegus,12.5,3,Patchy_Reef,6,13:20,13:39,3
NGS,5-12-2025,Hinalea,S. psittacus,7.5,19,Patchy_Reef,6,13:20,13:39,3
NGS,5-12-2025,Hinalea,A. triostegus,12.5,1,Patchy_Reef,6,13:20,13:39,3
NGS,5-12-2025,Hinalea,Z. velifer,12.5,1,Patchy_Reef,6,13:20,13:39,3
NGS,5-12-2025,Hinalea,C. spilurus,17.5,9,Patchy_Reef,6,13:20,13:39,3
NGS,5-12-2025,Hinalea,C. auriga,17.5,1,Patchy_Reef,6,13:20,13:39,3
NGS,5-12-2025,Hinalea,Z. flavescens,17.5,5,Patchy_Reef,6,13:20,13:39,3
NGS,5-12-2025,Hinalea,G. varius,22.5,1,Patchy_Reef,6,13:20,13:39,3
NGS,5-12-2025,Hinalea,M. flavolineatus,17.5,16,Patchy_Reef,6,13:20,13:39,3
NGS,5-12-2025,Hinalea,L. fulvus,27.5,1,Patchy_Reef,6,13:20,13:39,3
NGS,5-12-2025,Hinalea,A. triostegus,12.5,3,Patchy_Reef,6,13:20,13:39,3
NGS,5-12-2025,Hinalea,C. auriga,17.5,1,Patchy_Reef,6,13:20,13:39,3
NGS,5-12-2025,Hinalea,Z. velifer,12.5,1,Patchy_Reef,6,13:20,13:39,3
NGS,5-12-2025,Hinalea,C. spilurus,12.5,6,Patchy_Reef,6,13:20,13:39,3
NGS,5-12-2025,Hinalea,S. psittacus,12.5,19,Patchy_Reef,6,13:20,13:39,3
NGS,5-12-2025,Hinalea,A. triostegus,12.5,14,Patchy_Reef,6,13:20,13:39,3
NGS,5-12-2025,Hinalea,S. psittacus,7.5,17,Patchy_Reef,6,13:20,13:39,3
NGS,5-12-2025,Hinalea,C. spilurus,12.5,7,Patchy_Reef,6,13:20,13:39,3
NGS,5-12-2025,Hinalea,Z. velifer,12.5,1,Patchy_Reef,6,13:20,13:39,3
NGS,5-12-2025,Hinalea,Z. velifer,7.5,6,Patchy_Reef,6,13:20,13:39,3
NGS,5-12-2025,Hinalea,A. triostegus,12.5,10,Patchy_Reef,6,13:20,13:39,3
NGS,5-12-2025,Hinalea,N. unicornis,32.5,3,Patchy_Reef,6,13:20,13:39,3
NGS,5-12-2025,Hinalea,S. psittacus,7.5,13,Patchy_Reef,6,13:20,13:39,3
NGS,5-12-2025,Hinalea,Z. velifer,12.5,2,Patchy_Reef,6,13:20,13:39,3
NGS,5-12-2025,Hinalea,A. triostegus,12.5,5,Patchy_Reef,6,13:20,13:39,3
NGS,5-12-2025,Hinalea,Z. velifer,7.5,3,Patchy_Reef,6,13:20,13:39,3
NGS,5-12-2025,Hinalea,A. triostegus,17.5,1,Patchy_Reef,6,13:20,13:39,3
NGS,5-12-2025,Hinalea,Z. velifer,12.5,1,Patchy_Reef,6,13:20,13:39,3
NGS,5-12-2025,Hinalea,C. spilurus,12.5,8,Patchy_Reef,6,13:20,13:39,3
NGS,5-12-2025,Hinalea,C. auriga,22.5,2,Patchy_Reef,6,13:20,13:39,3
NGS,5-12-2025,Hinalea,Z. flavescens,17.5,6,Patchy_Reef,6,13:20,13:39,3
NGS,5-12-2025,Hinalea,C. melampygus,27.5,9,Sand,7,13:43,14:00,3
NGS,5-12-2025,Hinalea,C. melampygus,27.5,1,Sand,7,13:43,14:00,3
NGS,5-12-2025,Hinalea,C. melampygus,27.5,1,Sand,8,14:10,14:45,3
NGS,5-12-2025,Hinalea,M. flavolineatus,32.5,3,Sand,8,14:10,14:45,3
NGS,5-12-2025,Hinalea,M. flavolineatus,27.5,1,Sand,8,14:10,14:45,3
NGS,5-12-2025,Hinalea,C. melampygus,32.5,2,Sand,8,14:10,14:45,3
NGS,5-12-2025,Hinalea,M. flavolineatus,27.5,1,Sand,8,14:10,14:45,3
NGS,5-12-2025,Hinalea,M. flavolineatus,27.5,3,Sand,8,14:10,14:45,3
NGS,5-12-2025,Hinalea,M. flavolineatus,32.5,1,Sand,8,14:10,14:45,3
NGS,5-12-2025,Hinalea,M. flavolineatus,22.5,1,Sand,8,14:10,14:45,3
NGS,5-12-2025,Hinalea,M. flavolineatus,27.5,1,Sand,8,14:10,14:45,3
NGS,5-12-2025,Hinalea,M. flavolineatus,27.5,1,Sand,8,14:10,14:45,3
MB,10-12-2025,Beach,A. triostegus,17.5,12,Sand,1,8:30,8:48,3
MB,10-12-2025,Beach,A. triostegus,22.5,2,Sand,1,8:30,8:48,3
MB,10-12-2025,Beach,A. triostegus,17.5,4,Sand,1,8:30,8:48,3
MB,10-12-2025,Hinalea,M. flavolineatus,27.5,1,Sand,2,8:54,9:10,4
MB,10-12-2025,Hinalea,M. flavolineatus,22.5,2,Sand,2,8:54,9:10,4
MB,10-12-2025,Hinalea,M. flavolineatus,27.5,1,Sand,2,8:54,9:10,4
MB,10-12-2025,Hinalea,A. triostegus,17.5,1,Sand,2,8:54,9:10,4
MB,10-12-2025,Hinalea,M. flavolineatus,17.5,2,Sand,2,8:54,9:10,4
MB,10-12-2025,Hinalea,M. flavolineatus,17.5,1,Sand,2,8:54,9:10,4
MB,10-12-2025,Hinalea,M. flavolineatus,17.5,1,Sand,2,8:54,9:10,4
MB,10-12-2025,Hinalea,M. flavolineatus,17.5,8,Sand,2,8:54,9:10,4
MB,10-12-2025,Hinalea,M. flavolineatus,17.5,9,Sand,2,8:54,9:10,4
MB,10-12-2025,Hinalea,T. duperrey,17.5,5,Sand,2,8:54,9:10,4
MB,10-12-2025,Hinalea,M. flavolineatus,22.5,2,Sand,2,8:54,9:10,4
MB,10-12-2025,Hinalea,S. psittacus,12.5,6,Sand,2,8:54,9:10,4
MB,10-12-2025,Hinalea,M. flavolineatus,27.5,2,Sand,3,9:15,9:30,4
MB,10-12-2025,Hinalea,M. flavolineatus,27.5,4,Sand,3,9:15,9:30,4
MB,10-12-2025,Hinalea,M. flavolineatus,17.5,30,Sand,3,9:15,9:30,4
MB,10-12-2025,Hinalea,M. flavolineatus,22.5,12,Sand,3,9:15,9:30,4
MB,10-12-2025,Hinalea,L. fulvus,22,1,Sand,3,9:15,9:30,4
MB,10-12-2025,Beach,M. flavolineatus,17.5,4,Sand,4,9:35,9:55,3
MB,10-12-2025,Beach,M. flavolineatus,17.5,11,Sand,4,9:35,9:55,3
MB,10-12-2025,Beach,M. flavolineatus,17.5,8,Sand,4,9:35,9:55,3
MB,10-12-2025,Beach,M. flavolineatus,17.5,60,Sand,4,9:35,9:55,3
MB,10-12-2025,Beach,M. flavolineatus,17.5,2,Sand,6,10:37,10:50,3
MB,10-12-2025,Beach,M. flavolineatus,17.5,2,Sand,6,10:37,10:50,3
MB,10-12-2025,Beach,A. triostegus,17.5,3,Sand,6,10:37,10:50,3
MB,10-12-2025,Beach,S. psittacus,17.5,4,Sand,6,10:37,10:50,3
MB,10-12-2025,Beach,M. flavolineatus,17.5,3,Sand,6,10:37,10:50,3
MB,10-12-2025,Beach,M. flavolineatus,17.5,2,Sand,6,10:37,10:50,3
MB,10-12-2025,Beach,A. triostegus,12.5,3,Sand,6,10:37,10:50,3
MB,10-12-2025,Beach,A. triostegus,12.5,4,Reef_Flat ,7,10:54,11:30,2.5
MB,10-12-2025,Beach,Z. velifer,17.5,1,Reef_Flat ,7,10:54,11:30,2.5
MB,10-12-2025,Beach,A. triostegus,12.5,2,Reef_Flat ,7,10:54,11:30,2.5
MB,10-12-2025,Beach,Z. cornutus,12.5,1,Reef_Flat ,7,10:54,11:30,2.5
MB,10-12-2025,Beach,T. duperrey,17.5,1,Reef_Flat ,7,10:54,11:30,2.5
MB,10-12-2025,Beach,S. psittacus,7.5,46,Reef_Flat ,7,10:54,11:30,2.5
MB,10-12-2025,Beach,C. spilurus,17.5,4,Reef_Flat ,7,10:54,11:30,2.5
MB,10-12-2025,Beach,S. psittacus,12.5,8,Reef_Flat ,7,10:54,11:30,2.5
MB,10-12-2025,Beach,A. triostegus,12.5,23,Reef_Flat ,7,10:54,11:30,2.5
MB,10-12-2025,Beach,A. triostegus,17.5,2,Reef_Flat ,7,10:54,11:30,2.5
MB,10-12-2025,Beach,C. spilurus,17.5,3,Reef_Flat ,7,10:54,11:30,2.5
MB,10-12-2025,Beach,S. psittacus,7.5,9,Reef_Flat ,7,10:54,11:30,2.5
MB,10-12-2025,Beach,T. duperrey,22.5,1,Reef_Flat ,7,10:54,11:30,2.5
MB,10-12-2025,Beach,A. triostegus,12.5,1,Reef_Flat ,7,10:54,11:30,2.5
MB,10-12-2025,Beach,T. duperrey,17.5,4,Reef_Flat ,7,10:54,11:30,2.5
MB,10-12-2025,Beach,M. flavolineatus,12.5,12,Reef_Flat ,7,10:54,11:30,2.5
MB,10-12-2025,Beach,Z. flavescens,17.5,3,Reef_Flat ,7,10:54,11:30,2.5
MB,10-12-2025,Beach,A. triostegus,12.5,2,Reef_Flat ,7,10:54,11:30,2.5
MB,10-12-2025,Beach,M. flavolineatus,12.5,3,Reef_Flat ,7,10:54,11:30,2.5
MB,10-12-2025,Beach,S. psittacus,7.5,13,Reef_Flat ,7,10:54,11:30,2.5
MB,10-12-2025,Beach,S. psittacus,7.5,12,Reef_Flat ,7,10:54,11:30,2.5
MB,10-12-2025,Beach,Z. flavescens,17.5,2,Reef_Flat ,7,10:54,11:30,2.5
MB,10-12-2025,Beach,C.spilurus,17.5,2,Reef_Flat ,7,10:54,11:30,2.5
MB,10-12-2025,Beach,S. psittacus,12.5,13,Reef_Flat ,7,10:54,11:30,2.5
MB,10-12-2025,Beach,A. triostegus,17.5,4,Reef_Flat ,7,10:54,11:30,2.5
MB,10-12-2025,Beach,Z. velifer,7.5,32,Reef_Flat ,7,10:54,11:30,2.5
MB,10-12-2025,Beach,A. triostegus,12.5,5,Reef_Flat ,7,10:54,11:30,2.5
MB,10-12-2025,Beach,S. psittacus,12.5,3,Reef_Flat ,7,10:54,11:30,2.5
MB,10-12-2025,Beach,A. triostegus,12.5,3,Reef_Flat ,7,10:54,11:30,2.5
MB,10-12-2025,Beach,S. psittacus,7.5,26,Reef_Flat ,7,10:54,11:30,2.5
MB,10-12-2025,Beach,T. duperrey,17.5,2,Reef_Flat ,7,10:54,11:30,2.5
MB,10-12-2025,Beach,Z. velifer,7.5,8,Reef_Flat ,7,10:54,11:30,2.5
MB,10-12-2025,Beach,C. auriga,12.5,12,Reef_Flat ,7,10:54,11:30,2.5
MB,10-12-2025,Beach,A. triostegus,12.5,5,Reef_Flat ,7,10:54,11:30,2.5
MB,10-12-2025,Beach,Z. velifer,17.5,1,Reef_Flat ,7,10:54,11:30,2.5
MB,10-12-2025,Beach,S. psittacus,12.5,3,Reef_Flat ,7,10:54,11:30,2.5
MB,10-12-2025,Beach,S. psittacus,12.5,12,Reef_Flat ,7,10:54,11:30,2.5
MB,10-12-2025,Beach,A. triostegus,12.5,3,Reef_Flat ,7,10:54,11:30,2.5
MB,10-12-2025,Beach,A. triostegus,17.5,1,Reef_Flat ,7,10:54,11:30,2.5
MB,10-12-2025,Beach,C. spilurus,12.5,17,Reef_Flat ,7,10:54,11:30,2.5
MB,10-12-2025,Beach,A. triostegus,12.5,4,Reef_Flat ,7,10:54,11:30,2.5
MB,10-12-2025,Beach,C. spilurus,17.5,1,Reef_Flat ,7,10:54,11:30,2.5
MB,10-12-2025,Beach,S. psittacus,12.5,2,Reef_Flat ,7,10:54,11:30,2.5
MB,10-12-2025,Beach,T. duperrey,17.5,1,Reef_Flat ,7,10:54,11:30,2.5
MB,10-12-2025,Beach,Z. flavescens,17.5,1,Reef_Flat ,7,10:54,11:30,2.5
MB,10-12-2025,Beach,A. triostegus,12.5,8,Reef_Flat ,7,10:54,11:30,2.5
MB,10-12-2025,Beach,C. spilurus,12.5,7,Reef_Flat ,7,10:54,11:30,2.5
MB,10-12-2025,Beach,A. triostegus,12.5,2,Reef_Flat ,7,10:54,11:30,2.5
MB,10-12-2025,Beach,A. triostegus,12.5,3,Reef_Flat ,7,10:54,11:30,2.5
MB,10-12-2025,Beach,T. duperrey,17.5,1,Reef_Flat ,7,10:54,11:30,2.5
MB,10-12-2025,Beach,S. psittacus,7.5,5,Reef_Flat ,7,10:54,11:30,2.5
MB,10-12-2025,Beach,Z. velifer,12.5,2,Reef_Flat ,7,10:54,11:30,2.5
MB,10-12-2025,Beach,Z. cornutus,12.5,10,Reef_Flat ,7,10:54,11:30,2.5
MB,10-12-2025,Beach,A. triostegus,12.5,5,Reef_Flat ,7,10:54,11:30,2.5
MB,10-12-2025,Beach,Z. cornutus,12.5,3,Reef_Flat ,7,10:54,11:30,2.5
MB,10-12-2025,Beach,S. psittacus,12.5,10,Reef_Flat ,7,10:54,11:30,2.5
MB,10-12-2025,Beach,S. psittacus,12.5,3,Reef_Flat ,7,10:54,11:30,2.5
MB,10-12-2025,Beach,Z. velifer,7.5,7,Reef_Flat ,7,10:54,11:30,2.5
MB,10-12-2025,Beach,Z. cornutus,17.5,1,Reef_Flat ,7,10:54,11:30,2.5
MB,10-12-2025,Beach,M. flavolineatus,17.5,1,Reef_Flat ,7,10:54,11:30,2.5
MB,10-12-2025,Beach,T. duperrey,17.5,1,Reef_Flat ,7,10:54,11:30,2.5
MB,10-12-2025,Beach,C. spilurus,17.5,6,Reef_Flat ,7,10:54,11:30,2.5
MB,10-12-2025,Beach,T. duperrey,17.5,1,Reef_Flat ,7,10:54,11:30,2.5
MB,10-12-2025,Beach,A. triostegus,12.5,2,Reef_Flat ,7,10:54,11:30,2.5
MB,10-12-2025,Beach,A. triostegus,12.5,5,Reef_Flat ,7,10:54,11:30,2.5
MB,10-12-2025,Beach,S. psittacus,7.5,11,Reef_Flat ,7,10:54,11:30,2.5
MB,10-12-2025,Beach,Z. flavescens,12.5,16,Reef_Flat ,7,10:54,11:30,2.5
MB,10-12-2025,Beach,T. duperrey,17.5,1,Reef_Flat ,7,10:54,11:30,2.5
MB,10-12-2025,Beach,C. spilurus,12.5,5,Reef_Flat ,7,10:54,11:30,2.5
MB,10-12-2025,Beach,C. spilurus,12.5,11,Reef_Flat ,7,10:54,11:30,2.5
MB,10-12-2025,Beach,C. lunulatus,12.5,11,Reef_Flat ,7,10:54,11:30,2.5
MB,10-12-2025,Beach,S. psittacus,12.5,10,Reef_Flat ,7,10:54,11:30,2.5
MB,10-12-2025,Beach,A. triostegus,12.5,3,Reef_Flat ,7,10:54,11:30,2.5
MB,10-12-2025,Beach,S. psittacus,12.5,7,Reef_Flat ,7,10:54,11:30,2.5
MB,10-12-2025,Beach,T. duperrey,12.5,1,Reef_Flat ,7,10:54,11:30,2.5
MB,10-12-2025,Beach,S. psittacus,12.5,5,Reef_Flat ,7,10:54,11:30,2.5
MB,10-12-2025,Beach,T. duperrey,17.5,2,Reef_Flat ,7,10:54,11:30,2.5
MB,10-12-2025,Beach,A. triostegus,12.5,1,Reef_Flat ,7,10:54,11:30,2.5
MB,10-12-2025,Beach,T. duperrey,17.5,1,Reef_Flat ,7,10:54,11:30,2.5
MB,10-12-2025,Beach,S. psittacus,12.5,21,Reef_Flat ,7,10:54,11:30,2.5
MB,10-12-2025,Beach,A. triostegus,12.5,3,Reef_Flat ,7,10:54,11:30,2.5
MB,10-12-2025,Beach,A. triostegus,12.5,3,Reef_Flat ,7,10:54,11:30,2.5
MB,10-12-2025,Beach,T. duperrey,17.5,1,Reef_Flat ,7,10:54,11:30,2.5
MB,10-12-2025,Beach,A. triostegus,12.5,1,Reef_Flat ,7,10:54,11:30,2.5
MB,10-12-2025,Beach,C.spilurus,17.5,1,Reef_Flat ,7,10:54,11:30,2.5
MB,10-12-2025,Beach,A. triostegus,12.5,2,Reef_Flat ,7,10:54,11:30,2.5
MB,10-12-2025,Beach,S. psittacus,17.5,5,Reef_Flat ,7,10:54,11:30,2.5
MB,10-12-2025,Beach,S. psittacus,12.5,7,Reef_Flat ,7,10:54,11:30,2.5
MB,10-12-2025,Beach,A. triostegus,12.5,2,Reef_Flat ,7,10:54,11:30,2.5
MB,10-12-2025,Beach,A. triostegus,12.5,2,Reef_Flat ,7,10:54,11:30,2.5
MB,10-12-2025,Beach,S. psittacus,12.5,7,Reef_Flat ,7,10:54,11:30,2.5
MB,10-12-2025,Beach,A. triostegus,12.5,4,Reef_Flat ,7,10:54,11:30,2.5
MB,10-12-2025,Beach,A. triostegus,12.5,6,Reef_Flat ,7,10:54,11:30,2.5
MB,10-12-2025,Beach,S. psittacus,12.5,2,Reef_Flat ,7,10:54,11:30,2.5
MB,10-12-2025,Beach,T. duperrey,17.5,2,Reef_Flat ,7,10:54,11:30,2.5
MB,10-12-2025,Beach,C. spilurus,17.5,12,Reef_Flat ,7,10:54,11:30,2.5
MB,10-12-2025,Beach,A. triostegus,12.5,6,Reef_Flat ,7,10:54,11:30,2.5
MB,10-12-2025,Beach,S. psittacus,12.5,7,Reef_Flat ,7,10:54,11:30,2.5
MB,10-12-2025,Beach,C. spilurus,17.5,3,Reef_Flat ,7,10:54,11:30,2.5
MB,10-12-2025,Beach,S. psittacus,12.5,12,Reef_Flat ,7,10:54,11:30,2.5
MB,10-12-2025,Beach,T. duperrey,17.5,1,Reef_Flat ,7,10:54,11:30,2.5
MB,10-12-2025,Beach,Z. velifer,17.5,1,Reef_Flat ,7,10:54,11:30,2.5
MB,10-12-2025,Beach,T. duperrey,22.5,1,Reef_Flat ,7,10:54,11:30,2.5
MB,10-12-2025,Beach,A. triostegus,12.5,3,Reef_Flat ,7,10:54,11:30,2.5
MB,10-12-2025,Beach,S. psittacus,7.5,18,Reef_Flat ,7,10:54,11:30,2.5
MB,10-12-2025,Beach,Z. flavescens,17.5,1,Reef_Flat ,7,10:54,11:30,2.5
MB,10-12-2025,Beach,A. triostegus,12.5,2,Reef_Flat ,7,10:54,11:30,2.5
MB,10-12-2025,Beach,C. spilurus,17.5,3,Reef_Flat ,7,10:54,11:30,2.5
MB,10-12-2025,Beach,S. psittacus,17.5,3,Reef_Flat ,7,10:54,11:30,2.5
MB,10-12-2025,Beach,M. flavolineatus,27.5,1,Sand,8,11:35,11:55,3
MB,10-12-2025,Beach,A. triostegus,17.5,1,Sand,8,11:35,11:55,3
MB,10-12-2025,Beach,Sphyraena sp.,27.5,1,Sand,8,11:35,11:55,3
MB,10-12-2025,Beach,E. nebulosa,27.5,1,Patchy_Reef,9,12:05,12:30,2
MB,10-12-2025,Beach,C. melampygus,27.5,2,Patchy_Reef,9,12:05,12:30,2
MB,10-12-2025,Beach,A. triostegus,17.5,1,Patchy_Reef,9,12:05,12:30,2
MB,10-12-2025,Beach,S. psittacus,12.5,10,Patchy_Reef,9,12:05,12:30,2
MB,10-12-2025,Beach,L. fulvus,22.5,1,Patchy_Reef,9,12:05,12:30,2
MB,10-12-2025,Beach,S. psittacus,2.5,16,Patchy_Reef,9,12:05,12:30,2
MB,10-12-2025,Beach,S. psittacus,17.5,6,Patchy_Reef,9,12:05,12:30,2
MB,10-12-2025,Beach,S. psittacus,17.5,12,Patchy_Reef,9,12:05,12:30,2
MB,10-12-2025,Beach,A. triostegus,12.5,6,Patchy_Reef,9,12:05,12:30,2
MB,10-12-2025,Beach,A. triostegus,12.5,2,Patchy_Reef,9,12:05,12:30,2
MB,10-12-2025,Beach,M. flavolineatus,17.5,1,Patchy_Reef,9,12:05,12:30,2
MB,10-12-2025,Beach,S. psittacus,17.5,3,Patchy_Reef,9,12:05,12:30,2
MB,10-12-2025,Beach,Z. velifer,17.5,1,Patchy_Reef,9,12:05,12:30,2
MB,10-12-2025,Beach,Z. cornutus,17.5,1,Patchy_Reef,9,12:05,12:30,2
MB,10-12-2025,Beach,S. psittacus,17.5,4,Patchy_Reef,9,12:05,12:30,2
MB,10-12-2025,Beach,Z. flavescens,17.5,2,Patchy_Reef,9,12:05,12:30,2
MB,10-12-2025,Beach,T. duperrey,17.5,1,Patchy_Reef,9,12:05,12:30,2
MB,10-12-2025,Beach,A. triostegus,22.5,3,Patchy_Reef,9,12:05,12:30,2
MB,10-12-2025,Beach,A. triostegus,12.5,8,Patchy_Reef,9,12:05,12:30,2
MB,10-12-2025,Beach,L. fulvus,17.5,1,Patchy_Reef,9,12:05,12:30,2
MB,10-12-2025,Beach,S. psittacus,17.5,3,Patchy_Reef,9,12:05,12:30,2
MB,10-12-2025,Beach,A. triostegus,12.5,3,Patchy_Reef,9,12:05,12:30,2
MB,10-12-2025,Beach,A. triostegus,12.5,4,Patchy_Reef,9,12:05,12:30,2
MB,10-12-2025,Beach,S. psittacus,7.5,31,Patchy_Reef,9,12:05,12:30,2
MB,10-12-2025,Beach,Z. flavescens,17.5,4,Patchy_Reef,9,12:05,12:30,2
MB,10-12-2025,Beach,A. triostegus,12.5,6,Patchy_Reef,9,12:05,12:30,2
MB,10-12-2025,Beach,A. triostegus,12.5,1,Patchy_Reef,9,12:05,12:30,2
MB,10-12-2025,Beach,T. duperrey,12.5,6,Patchy_Reef,9,12:05,12:30,2
MB,10-12-2025,Beach,Z. velifer,7.5,1,Patchy_Reef,9,12:05,12:30,2
MB,10-12-2025,Beach,M. flavolineatus,17.5,15,Patchy_Reef,9,12:05,12:30,2
MB,10-12-2025,Beach,Z. velifer,12.5,2,Patchy_Reef,9,12:05,12:30,2
MB,10-12-2025,Beach,A. triostegus,12.5,5,Patchy_Reef,9,12:05,12:30,2
MB,10-12-2025,Beach,A. triostegus,17.5,22,Patchy_Reef,9,12:05,12:30,2
MB,10-12-2025,Beach,S. psittacus,17.5,2,Patchy_Reef,9,12:05,12:30,2
MB,10-12-2025,Beach,S. psittacus,12.5,9,Patchy_Reef,9,12:05,12:30,2
MB,10-12-2025,Beach,A. triostegus,17.5,2,Patchy_Reef,9,12:05,12:30,2
MB,10-12-2025,Beach,A. triostegus,12.5,2,Patchy_Reef,9,12:05,12:30,2
MB,10-12-2025,Beach,A. triostegus,7.5,10,Patchy_Reef,9,12:05,12:30,2
MB,10-12-2025,Beach,S. psittacus,17.5,11,Patchy_Reef,9,12:05,12:30,2
MB,10-12-2025,Beach,A. triostegus,12.5,1,Patchy_Reef,9,12:05,12:30,2
MB,10-12-2025,Beach,A. triostegus,17.5,3,Patchy_Reef,9,12:05,12:30,2
MB,10-12-2025,Beach,C. spilurus,22.5,3,Patchy_Reef,9,12:05,12:30,2
MB,10-12-2025,Beach,A. triostegus,22.5,1,Patchy_Reef,9,12:05,12:30,2
MB,10-12-2025,Beach,M. flavolineatus,17.5,1,Patchy_Reef,9,12:05,12:30,2
MB,10-12-2025,Beach,Z. velifer,12.5,4,Patchy_Reef,9,12:05,12:30,2
MB,10-12-2025,Beach,S. psittacus,17.5,8,Patchy_Reef,9,12:05,12:30,2
MB,10-12-2025,Beach,S. psittacus,7.5,12,Patchy_Reef,9,12:05,12:30,2
MB,10-12-2025,Beach,S. psittacus,12.5,3,Patchy_Reef,9,12:05,12:30,2
MB,10-12-2025,Beach,E. nebulosa,27.5,1,Patchy_Reef,9,12:05,12:30,2
MB,10-12-2025,Beach,A. triostegus,12.5,4,Patchy_Reef,9,12:05,12:30,2
MB,10-12-2025,Beach,M. flavolineatus,12.5,1,Patchy_Reef,9,12:05,12:30,2
MB,10-12-2025,Beach,L. fulvus,22.5,2,Patchy_Reef,9,12:05,12:30,2
MB,10-12-2025,Beach,S. psittacus,7.5,10,Patchy_Reef,9,12:05,12:30,2
MB,10-12-2025,Beach,S. psittacus,12.5,4,Patchy_Reef,9,12:05,12:30,2
MB,10-12-2025,Beach,S. lysan,27.5,1,Patchy_Reef,9,12:05,12:30,2
MB,10-12-2025,Beach,M. flavolineatus,17.5,1,Sand,10,12:36,12:52,3
MB,10-12-2025,Beach,F. commersonii,27.5,1,Sand,10,12:36,12:52,3
MB,10-12-2025,Beach,M. flavolineatus,12.5,25,Sand,10,12:36,12:52,3
MB,10-12-2025,Beach,M. flavolineatus,17.5,54,Sand,10,12:36,12:52,3
MB,10-12-2025,Beach,M. flavolineatus,17.5,5,Sand,10,12:36,12:52,3
MB,10-12-2025,Beach,M. flavolineatus,17.5,8,Sand,10,12:36,12:52,3
MB,10-12-2025,Beach,M. flavolineatus,17.5,7,Sand,10,12:36,12:52,3
MB,10-12-2025,Beach,M. flavolineatus,17.5,2,Sand,10,12:36,12:52,3
MB,10-12-2025,Hinalea,M. flavolineatus,22.5,11,Sand,11,13:00,13:12,2.5
MB,10-12-2025,Hinalea,M. flavolineatus,27.5,13,Sand,12,13:17,13:27,2.5
MB,10-12-2025,Hinalea,M. flavolineatus,17.5,3,Sand,12,13:17,13:27,2.5
MB,10-12-2025,Hinalea,M. flavolineatus,17.5,10,Sand,12,13:17,13:27,2.5
MB,10-12-2025,Hinalea,M. flavolineatus,22.5,5,Sand,12,13:17,13:27,2.5
MB,10-12-2025,Hinalea,M. flavolineatus,17.5,3,Sand,12,13:17,13:27,2.5
NGS,10-12-2025,Beach,M. flavolineatus,17.5,1,Sand,1,8:30,8:48,3
NGS,10-12-2025,Beach,T. duperrey,22.5,1,Sand,1,8:30,8:48,3
NGS,10-12-2025,Beach,M. flavolineatus,17.5,19,Sand,1,8:30,8:48,3
NGS,10-12-2025,Beach,M. flavolineatus,22.5,1,Sand,1,8:30,8:48,3
NGS,10-12-2025,Beach,M. flavolineatus,17.5,4,Sand,1,8:30,8:48,3
NGS,10-12-2025,Beach,M. flavolineatus,22.5,3,Sand,1,8:30,8:48,3
NGS,10-12-2025,Hinalea,L. fulvus,27.5,1,Sand,2,8:54,9:10,4
NGS,10-12-2025,Hinalea,M. flavolineatus,32.5,1,Sand,2,8:54,9:10,4
NGS,10-12-2025,Hinalea,M. flavolineatus,27.5,2,Sand,2,8:54,9:10,4
NGS,10-12-2025,Hinalea,M. flavolineatus,27.5,9,Sand,2,8:54,9:10,4
NGS,10-12-2025,Hinalea,M. flavolineatus,27.5,22,Sand,2,8:54,9:10,4
NGS,10-12-2025,Hinalea,M. flavolineatus,27.5,29,Sand,2,8:54,9:10,4
NGS,10-12-2025,Hinalea,M. flavolineatus,27.5,13,Sand,2,8:54,9:10,4
NGS,10-12-2025,Hinalea,M. flavolineatus,32.5,2,Sand,3,9:15,9:29,4
NGS,10-12-2025,Hinalea,A. triostegus,27.5,2,Sand,3,9:15,9:29,4
NGS,10-12-2025,Hinalea,M. flavolineatus,27.5,11,Sand,3,9:15,9:29,4
NGS,10-12-2025,Hinalea,M. flavolineatus,32.5,10,Sand,3,9:15,9:29,4
NGS,10-12-2025,Hinalea,M. flavolineatus,27.5,16,Sand,3,9:15,9:29,4
NGS,10-12-2025,Hinalea,M. flavolineatus,27.5,24,Sand,3,9:15,9:29,4
NGS,10-12-2025,Hinalea,L. fulvus,32.5,1,Sand,3,9:15,9:29,4
NGS,10-12-2025,Hinalea,M. flavolineatus,27.5,18,Sand,3,9:15,9:29,4
NGS,10-12-2025,Hinalea,M. flavolineatus,32.5,2,Sand,3,9:15,9:29,4
NGS,10-12-2025,Beach,C. melampygus,32.5,1,Sand,4,9:35,9:56,3
NGS,10-12-2025,Beach,M. flavolineatus,17.5,28,Sand,5,10:01,10:14,3
NGS,10-12-2025,Beach,M. flavolineatus,17.5,12,Sand,5,10:01,10:14,3
NGS,10-12-2025,Beach,M. flavolineatus,17.5,31,Sand,5,10:01,10:14,3
NGS,10-12-2025,Beach,M. flavolineatus,22.5,9,Sand,5,10:01,10:14,3
NGS,10-12-2025,Beach,M. flavolineatus,17.5,26,Sand,5,10:01,10:14,3
NGS,10-12-2025,Beach,M. flavolineatus,22.5,4,Sand,6,10:38,10:50,3
NGS,10-12-2025,Beach,M. flavolineatus,17.5,2,Sand,6,10:38,10:50,3
NGS,10-12-2025,Beach,A. triostegus,22.5,3,Sand,6,10:38,10:50,3
NGS,10-12-2025,Beach,T. duperrey,27.5,1,Sand,6,10:38,10:50,3
NGS,10-12-2025,Beach,M. flavolineatus,17.5,2,Sand,8,11:35,11:55,3
NGS,10-12-2025,Beach,M. flavolineatus,17.5,19,Sand,8,11:35,11:55,3
NGS,10-12-2025,Beach,M. flavolineatus,12.5,29,Sand,8,11:35,11:55,3
NGS,10-12-2025,Beach,M. flavolineatus,17.5,8,Sand,8,11:35,11:55,3
NGS,10-12-2025,Beach,M. flavolineatus,22.5,1,Sand,8,11:35,11:55,3
NGS,10-12-2025,Beach,M. flavolineatus,17.5,14,Sand,8,11:35,11:55,3
NGS,10-12-2025,Beach,M. flavolineatus,22.5,9,Sand,8,11:35,11:55,3
NGS,10-12-2025,Beach,M. flavolineatus,17.5,2,Sand,8,11:35,11:55,3
NGS,10-12-2025,Beach,M. flavolineatus,17.5,16,Sand,8,11:35,11:55,3
NGS,10-12-2025,Beach,M. flavolineatus,22.5,7,Sand,8,11:35,11:55,3
NGS,10-12-2025,Beach,M. flavolineatus,12.5,27,Sand,8,11:35,11:55,3
NGS,10-12-2025,Beach,S. helleri,32.5,1,Sand,8,11:35,11:55,3
NGS,10-12-2025,Beach,M. flavolineatus,17.5,11,Sand,8,11:35,11:55,3
NGS,10-12-2025,Beach,M. flavolineatus,22.5,5,Sand,8,11:35,11:55,3
NGS,10-12-2025,Beach,M. flavolineatus,17.5,18,Sand,8,11:35,11:55,3
NGS,10-12-2025,Beach,M. flavolineatus,12.5,12,Sand,8,11:35,11:55,3
NGS,10-12-2025,Beach,M. flavolineatus,22.5,3,Sand,8,11:35,11:55,3
NGS,10-12-2025,Beach,M. flavolineatus,27.5,1,Sand,8,11:35,11:55,3
NGS,10-12-2025,Beach,M. flavolineatus,22.5,4,Sand,10,12:36,12:52,3
NGS,10-12-2025,Beach,M. flavolineatus,27.5,1,Sand,10,12:36,12:52,3
NGS,10-12-2025,Beach,C. melampygus,32.5,1,Sand,10,12:36,12:52,3
NGS,10-12-2025,Beach,M. flavolineatus,22.5,1,Sand,10,12:36,12:52,3
NGS,10-12-2025,Beach,M. flavolineatus,17.5,2,Sand,10,12:36,12:52,3
NGS,10-12-2025,Beach,S. psittacus,2.5,14,Patchy_Reef,9,12:05,12:50,2
NGS,10-12-2025,Beach,C. quadrimaculatus,12.5,2,Patchy_Reef,9,12:05,12:50,2
NGS,10-12-2025,Beach,A. triostegus,17.5,1,Patchy_Reef,9,12:05,12:50,2
NGS,10-12-2025,Beach,C. melampygus,32.5,1,Patchy_Reef,9,12:05,12:50,2
NGS,10-12-2025,Beach,L. fulvus,32.5,2,Patchy_Reef,9,12:05,12:50,2
NGS,10-12-2025,Beach,Z. velifer,17.5,3,Patchy_Reef,9,12:05,12:50,2
NGS,10-12-2025,Beach,S. psittacus,17.5,4,Patchy_Reef,9,12:05,12:50,2
NGS,10-12-2025,Beach,A. triostegus,22.5,3,Patchy_Reef,9,12:05,12:50,2
NGS,10-12-2025,Beach,A. triostegus,17.5,4,Patchy_Reef,9,12:05,12:50,2
NGS,10-12-2025,Beach,A. triostegus,17.5,7,Patchy_Reef,9,12:05,12:50,2
NGS,10-12-2025,Beach,C. spilurus,22.5,4,Patchy_Reef,9,12:05,12:50,2
NGS,10-12-2025,Beach,A. triostegus,22.5,2,Patchy_Reef,9,12:05,12:50,2
NGS,10-12-2025,Beach,C. auriga,27.5,1,Patchy_Reef,9,12:05,12:50,2
NGS,10-12-2025,Beach,A. triostegus,22.5,3,Patchy_Reef,9,12:05,12:50,2
NGS,10-12-2025,Beach,A. triostegus,17.5,2,Patchy_Reef,9,12:05,12:50,2
NGS,10-12-2025,Beach,C. lunulatus,17.5,2,Patchy_Reef,9,12:05,12:50,2
NGS,10-12-2025,Beach,A. triostegus,17.5,12,Patchy_Reef,9,12:05,12:50,2
NGS,10-12-2025,Beach,A. triostegus,17.5,1,Patchy_Reef,9,12:05,12:50,2
NGS,10-12-2025,Beach,S. psittacus,7.5,39,Patchy_Reef,9,12:05,12:50,2
NGS,10-12-2025,Beach,S. psittacus,17.5,2,Patchy_Reef,9,12:05,12:50,2
NGS,10-12-2025,Beach,A. triostegus,22.5,2,Patchy_Reef,9,12:05,12:50,2
NGS,10-12-2025,Beach,Z. flavescens,22.5,3,Patchy_Reef,9,12:05,12:50,2
NGS,10-12-2025,Beach,M. flavolineatus,17.5,2,Patchy_Reef,9,12:05,12:50,2
NGS,10-12-2025,Beach,Z. velifer,17.5,1,Patchy_Reef,9,12:05,12:50,2
NGS,10-12-2025,Beach,Z. flavescens,22.5,1,Patchy_Reef,9,12:05,12:50,2
NGS,10-12-2025,Beach,A. triostegus,12.5,1,Patchy_Reef,9,12:05,12:50,2
NGS,10-12-2025,Beach,A. triostegus,17.5,4,Patchy_Reef,9,12:05,12:50,2
NGS,10-12-2025,Beach,Z. velifer,17.5,1,Patchy_Reef,9,12:05,12:50,2
NGS,10-12-2025,Beach,C. spilurus,17.5,5,Patchy_Reef,9,12:05,12:50,2
NGS,10-12-2025,Beach,Z. flavescens,27.5,3,Patchy_Reef,9,12:05,12:50,2
NGS,10-12-2025,Beach,Z. velifer,17.5,2,Patchy_Reef,9,12:05,12:50,2
NGS,10-12-2025,Beach,A. triostegus,22.5,1,Patchy_Reef,9,12:05,12:50,2
NGS,10-12-2025,Beach,A. triostegus,22.5,4,Patchy_Reef,9,12:05,12:50,2
NGS,10-12-2025,Beach,A. triostegus,12.5,3,Patchy_Reef,9,12:05,12:50,2
NGS,10-12-2025,Beach,S. psittacus,12.5,9,Patchy_Reef,9,12:05,12:50,2
NGS,10-12-2025,Beach,T. duperrey,22.5,1,Patchy_Reef,9,12:05,12:50,2
NGS,10-12-2025,Beach,S. psittacus,7.5,27,Patchy_Reef,9,12:05,12:50,2
NGS,10-12-2025,Beach,C. spilurus,22.5,3,Patchy_Reef,9,12:05,12:50,2
NGS,10-12-2025,Beach,A. triostegus,17.5,1,Patchy_Reef,9,12:05,12:50,2
NGS,10-12-2025,Beach,Z. flavescens,22.5,1,Patchy_Reef,9,12:05,12:50,2
NGS,10-12-2025,Beach,Z. velifer,12.5,1,Patchy_Reef,9,12:05,12:50,2
NGS,10-12-2025,Beach,A. triostegus,17.5,4,Patchy_Reef,9,12:05,12:50,2
NGS,10-12-2025,Beach,Z. flavescens,22.5,1,Patchy_Reef,9,12:05,12:50,2
NGS,10-12-2025,Beach,Z. velifer,17.5,1,Patchy_Reef,9,12:05,12:50,2
NGS,10-12-2025,Beach,L. fulvus,32.5,1,Patchy_Reef,9,12:05,12:50,2
NGS,10-12-2025,Beach,T. duperrey,27.5,1,Patchy_Reef,9,12:05,12:50,2
NGS,10-12-2025,Beach,C. auriga,27.5,1,Patchy_Reef,9,12:05,12:50,2
NGS,10-12-2025,Beach,Z. flavescens,22.5,5,Patchy_Reef,9,12:05,12:50,2
NGS,10-12-2025,Beach,S. psittacus,17.5,11,Patchy_Reef,9,12:05,12:50,2
NGS,10-12-2025,Beach,T. duperrey,22.5,1,Patchy_Reef,9,12:05,12:50,2
NGS,10-12-2025,Beach,T. duperrey,22.5,2,Patchy_Reef,9,12:05,12:50,2
NGS,10-12-2025,Beach,M. flavolineatus,17.5,1,Patchy_Reef,9,12:05,12:50,2
NGS,10-12-2025,Beach,C. spilurus,22.5,7,Patchy_Reef,9,12:05,12:50,2
NGS,10-12-2025,Beach,Z. flavescens,17.5,3,Patchy_Reef,9,12:05,12:50,2
NGS,10-12-2025,Beach,A. triostegus,17.5,7,Patchy_Reef,9,12:05,12:50,2
NGS,10-12-2025,Beach,M. flavolineatus,22.5,6,Patchy_Reef,9,12:05,12:50,2
NGS,10-12-2025,Beach,Z. flavescens,22.5,5,Patchy_Reef,9,12:05,12:50,2
NGS,10-12-2025,Beach,S. psittacus,12.5,19,Patchy_Reef,9,12:05,12:50,2
NGS,10-12-2025,Beach,C. spilurus,17.5,8,Patchy_Reef,9,12:05,12:50,2
NGS,10-12-2025,Beach,S. psittacus,12.5,13,Patchy_Reef,9,12:05,12:50,2
NGS,10-12-2025,Beach,A. triostegus,17.5,7,Patchy_Reef,9,12:05,12:50,2
NGS,10-12-2025,Beach,A. triostegus,12.5,1,Patchy_Reef,9,12:05,12:50,2
NGS,10-12-2025,Beach,A. triostegus,12.5,3,Patchy_Reef,9,12:05,12:50,2
NGS,10-12-2025,Beach,A. triostegus,17.5,2,Patchy_Reef,9,12:05,12:50,2
NGS,10-12-2025,Beach,A. triostegus,17.5,1,Patchy_Reef,9,12:05,12:50,2
NGS,10-12-2025,Beach,Z. flavescens,17.5,1,Patchy_Reef,9,12:05,12:50,2
NGS,10-12-2025,Beach,S. psittacus,17.5,8,Patchy_Reef,9,12:05,12:50,2
NGS,10-12-2025,Beach,A. triostegus,22.5,6,Patchy_Reef,9,12:05,12:50,2
NGS,10-12-2025,Beach,Z. velifer,12.5,1,Patchy_Reef,9,12:05,12:50,2
NGS,10-12-2025,Beach,S. psittacus,12.5,14,Patchy_Reef,9,12:05,12:50,2
NGS,10-12-2025,Beach,Z. flavescens,22.5,4,Patchy_Reef,9,12:05,12:50,2
NGS,10-12-2025,Beach,C. auriga,22.5,1,Patchy_Reef,9,12:05,12:50,2
NGS,10-12-2025,Beach,Z. velifer,17.5,2,Patchy_Reef,9,12:05,12:50,2
NGS,10-12-2025,Beach,Z. velifer,22.5,1,Patchy_Reef,9,12:05,12:50,2
NGS,10-12-2025,Beach,A. triostegus,22.5,1,Patchy_Reef,9,12:05,12:50,2
NGS,10-12-2025,Beach,A. triostegus,22.5,2,Patchy_Reef,9,12:05,12:50,2
NGS,10-12-2025,Beach,A. triostegus,17.5,7,Patchy_Reef,9,12:05,12:50,2
NGS,10-12-2025,Beach,S. psittacus,17.5,13,Patchy_Reef,9,12:05,12:50,2
NGS,10-12-2025,Beach,Z. velifer,12.5,1,Patchy_Reef,9,12:05,12:50,2
NGS,10-12-2025,Beach,A. triostegus,17.5,2,Patchy_Reef,9,12:05,12:50,2
NGS,10-12-2025,Beach,A. triostegus,17.5,2,Patchy_Reef,9,12:05,12:50,2
NGS,10-12-2025,Beach,S. psittacus,7.5,20,Patchy_Reef,9,12:05,12:50,2
NGS,10-12-2025,Beach,C. quadrimaculatus,12.5,1,Patchy_Reef,9,12:05,12:50,2
NGS,10-12-2025,Beach,E. nebulosa,27.5,1,Patchy_Reef,9,12:05,12:50,2
NGS,10-12-2025,Hinalea,M. flavolineatus,27.5,6,Sand,11,13:00,13:12,2.5
NGS,10-12-2025,Hinalea,M. flavolineatus,27.5,9,Sand,11,13:00,13:12,2.5
NGS,10-12-2025,Hinalea,A. triostegus,27.5,2,Sand,11,13:00,13:12,2.5
NGS,10-12-2025,Hinalea,M. flavolineatus,32.5,3,Sand,11,13:00,13:12,2.5
NGS,10-12-2025,Hinalea,C. melampygus,27.5,4,Sand,11,13:00,13:12,2.5
NGS,10-12-2025,Hinalea,M. flavolineatus,32.5,1,Sand,11,13:00,13:12,2.5
NGS,10-12-2025,Hinalea,M. flavolineatus,27.5,5,Sand,11,13:00,13:12,2.5
NGS,10-12-2025,Hinalea,M. flavolineatus,22.5,1,Sand,12,13:17,13:27,2.5
NGS,10-12-2025,Hinalea,M. flavolineatus,22.5,3,Sand,12,13:17,13:27,2.5
NGS,10-12-2025,Hinalea,M. flavolineatus,17.5,6,Sand,12,13:17,13:27,2.5
NGS,10-12-2025,Hinalea,L. fulvus,27.5,1,Sand,12,13:17,13:27,2.5
NGS,10-12-2025,Beach,T. duperrey,17.5,1,Reef_Flat,7,10:55,11:30,2.5
NGS,10-12-2025,Beach,C. spilurus,12.5,13,Reef_Flat,7,10:55,11:30,2.5
NGS,10-12-2025,Beach,S. psittacus,7.5,37,Reef_Flat,7,10:55,11:30,2.5
NGS,10-12-2025,Beach,A. triostegus,12.5,1,Reef_Flat,7,10:55,11:30,2.5
NGS,10-12-2025,Beach,T. duperrey,22.5,2,Reef_Flat,7,10:55,11:30,2.5
NGS,10-12-2025,Beach,T. duperrey,22.5,1,Reef_Flat,7,10:55,11:30,2.5
NGS,10-12-2025,Beach,S. psittacus,7.5,29,Reef_Flat,7,10:55,11:30,2.5
NGS,10-12-2025,Beach,A. triostegus,12.5,8,Reef_Flat,7,10:55,11:30,2.5
NGS,10-12-2025,Beach,C. spilurus,22.5,3,Reef_Flat,7,10:55,11:30,2.5
NGS,10-12-2025,Beach,S. psittacus,2.5,43,Reef_Flat,7,10:55,11:30,2.5
NGS,10-12-2025,Beach,C. spilurus,17.5,4,Reef_Flat,7,10:55,11:30,2.5
NGS,10-12-2025,Beach,Z. flavescens,22.5,3,Reef_Flat,7,10:55,11:30,2.5
NGS,10-12-2025,Beach,Z. cornutus,22.5,1,Reef_Flat,7,10:55,11:30,2.5
NGS,10-12-2025,Beach,A. triostegus,12.5,1,Reef_Flat,7,10:55,11:30,2.5
NGS,10-12-2025,Beach,S. psittacus,7.5,16,Reef_Flat,7,10:55,11:30,2.5
NGS,10-12-2025,Beach,C. spilurus,22.5,1,Reef_Flat,7,10:55,11:30,2.5
NGS,10-12-2025,Beach,Gymnothorax sp.,32.5,1,Reef_Flat,7,10:55,11:30,2.5
NGS,10-12-2025,Beach,Z. velifer,17.5,1,Reef_Flat,7,10:55,11:30,2.5
NGS,10-12-2025,Beach,Z. velifer,12.5,1,Reef_Flat,7,10:55,11:30,2.5
NGS,10-12-2025,Beach,Z. cornutus,17.5,1,Reef_Flat,7,10:55,11:30,2.5
NGS,10-12-2025,Beach,C. spilurus,17.5,13,Reef_Flat,7,10:55,11:30,2.5
NGS,10-12-2025,Beach,C. lunulatus,22.5,1,Reef_Flat,7,10:55,11:30,2.5
NGS,10-12-2025,Beach,Z. flavescens,22.5,7,Reef_Flat,7,10:55,11:30,2.5
NGS,10-12-2025,Beach,Z. velifer,17.5,11,Reef_Flat,7,10:55,11:30,2.5
NGS,10-12-2025,Beach,C. spilurus,22.5,5,Reef_Flat,7,10:55,11:30,2.5
NGS,10-12-2025,Beach,C. auriga,22.5,1,Reef_Flat,7,10:55,11:30,2.5
NGS,10-12-2025,Beach,A. triostegus,17.5,1,Reef_Flat,7,10:55,11:30,2.5
NGS,10-12-2025,Beach,S. psittacus,12.5,8,Reef_Flat,7,10:55,11:30,2.5
NGS,10-12-2025,Beach,A. triostegus,12.5,1,Reef_Flat,7,10:55,11:30,2.5
NGS,10-12-2025,Beach,C. spilurus,12.5,9,Reef_Flat,7,10:55,11:30,2.5
NGS,10-12-2025,Beach,Z. velifer,17.5,6,Reef_Flat,7,10:55,11:30,2.5
NGS,10-12-2025,Beach,C. spilurus,22.5,1,Reef_Flat,7,10:55,11:30,2.5
NGS,10-12-2025,Beach,Z. flavescens,22.5,2,Reef_Flat,7,10:55,11:30,2.5
NGS,10-12-2025,Beach,Z. velifer,12.5,1,Reef_Flat,7,10:55,11:30,2.5
NGS,10-12-2025,Beach,S. psittacus,2.5,7,Reef_Flat,7,10:55,11:30,2.5
NGS,10-12-2025,Beach,S. psittacus,2.5,29,Reef_Flat,7,10:55,11:30,2.5
NGS,10-12-2025,Beach,C. spilurus,7.5,19,Reef_Flat,7,10:55,11:30,2.5
NGS,10-12-2025,Beach,Z. velifer,7.5,8,Reef_Flat,7,10:55,11:30,2.5
NGS,10-12-2025,Beach,S. psittacus,2.5,41,Reef_Flat,7,10:55,11:30,2.5
NGS,10-12-2025,Beach,A. triostegus,17.5,3,Reef_Flat,7,10:55,11:30,2.5
NGS,10-12-2025,Beach,Z. velifer,7.5,1,Reef_Flat,7,10:55,11:30,2.5
NGS,10-12-2025,Beach,S. psittacus,12.5,11,Reef_Flat,7,10:55,11:30,2.5
NGS,10-12-2025,Beach,A. triostegus,17.5,2,Reef_Flat,7,10:55,11:30,2.5
NGS,10-12-2025,Beach,C. spilurus,17.5,1,Reef_Flat,7,10:55,11:30,2.5
NGS,10-12-2025,Beach,Z. velifer,12.5,1,Reef_Flat,7,10:55,11:30,2.5
NGS,10-12-2025,Beach,T. duperrey,22.5,1,Reef_Flat,7,10:55,11:30,2.5
NGS,10-12-2025,Beach,T. duperrey,22.5,1,Reef_Flat,7,10:55,11:30,2.5
NGS,10-12-2025,Beach,S. psittacus,7.5,17,Reef_Flat,7,10:55,11:30,2.5
NGS,10-12-2025,Beach,S. psittacus,7.5,9,Reef_Flat,7,10:55,11:30,2.5
NGS,10-12-2025,Beach,Z. velifer,17.5,2,Reef_Flat,7,10:55,11:30,2.5
NGS,10-12-2025,Beach,A. triostegus,12.5,1,Reef_Flat,7,10:55,11:30,2.5
NGS,10-12-2025,Beach,C. spilurus,17.5,6,Reef_Flat,7,10:55,11:30,2.5
NGS,10-12-2025,Beach,T. duperrey,17.5,1,Reef_Flat,7,10:55,11:30,2.5
NGS,10-12-2025,Beach,S. psittacus,2.5,32,Reef_Flat,7,10:55,11:30,2.5
NGS,10-12-2025,Beach,S. psittacus,7.5,18,Reef_Flat,7,10:55,11:30,2.5
NGS,10-12-2025,Beach,T. duperrey,12.5,2,Reef_Flat,7,10:55,11:30,2.5
NGS,10-12-2025,Beach,S. psittacus,7.5,21,Reef_Flat,7,10:55,11:30,2.5
NGS,10-12-2025,Beach,T. duperrey,17.5,1,Reef_Flat,7,10:55,11:30,2.5
NGS,10-12-2025,Beach,S. psittacus,7.5,6,Reef_Flat,7,10:55,11:30,2.5
NGS,10-12-2025,Beach,C. spilurus,17.5,2,Reef_Flat,7,10:55,11:30,2.5
NGS,10-12-2025,Beach,A. triostegus,17.5,5,Reef_Flat,7,10:55,11:30,2.5
NGS,10-12-2025,Beach,T. duperrey,22.5,1,Reef_Flat,7,10:55,11:30,2.5
NGS,10-12-2025,Beach,S. psittacus,7.5,17,Reef_Flat,7,10:55,11:30,2.5
NGS,10-12-2025,Beach,Z. velifer,17.5,1,Reef_Flat,7,10:55,11:30,2.5
NGS,10-12-2025,Beach,T. duperrey,22.5,1,Reef_Flat,7,10:55,11:30,2.5
NGS,10-12-2025,Beach,A. triostegus,17.5,1,Reef_Flat,7,10:55,11:30,2.5
NGS,10-12-2025,Beach,C. lunulatus,22.5,2,Reef_Flat,7,10:55,11:30,2.5
NGS,10-12-2025,Beach,C. auriga,22.5,1,Reef_Flat,7,10:55,11:30,2.5
NGS,10-12-2025,Beach,C. spilurus,17.5,12,Reef_Flat,7,10:55,11:30,2.5
NGS,10-12-2025,Beach,T. duperrey,17.5,1,Reef_Flat,7,10:55,11:30,2.5
NGS,10-12-2025,Beach,Z. flavescens,17.5,5,Reef_Flat,7,10:55,11:30,2.5
NGS,10-12-2025,Beach,C. spilurus,22.5,1,Reef_Flat,7,10:55,11:30,2.5
NGS,10-12-2025,Beach,T. duperrey,17.5,1,Reef_Flat,7,10:55,11:30,2.5
NGS,10-12-2025,Beach,C. spilurus,17.5,2,Reef_Flat,7,10:55,11:30,2.5
NGS,10-12-2025,Beach,Z. cornutus,17.5,2,Reef_Flat,7,10:55,11:30,2.5
NGS,10-12-2025,Beach,T. duperrey,22.5,1,Reef_Flat,7,10:55,11:30,2.5
NGS,10-12-2025,Beach,C. spilurus,17.5,3,Reef_Flat,7,10:55,11:30,2.5
NGS,10-12-2025,Beach,A. triostegus,17.5,4,Reef_Flat,7,10:55,11:30,2.5
NGS,10-12-2025,Beach,Z. flavescens,22.5,3,Reef_Flat,7,10:55,11:30,2.5
NGS,10-12-2025,Beach,C. spilurus,17.5,10,Reef_Flat,7,10:55,11:30,2.5
NGS,10-12-2025,Beach,A. triostegus,12.5,12,Reef_Flat,7,10:55,11:30,2.5
NGS,10-12-2025,Beach,C. auriga,22.5,1,Reef_Flat,7,10:55,11:30,2.5
NGS,10-12-2025,Beach,T. duperrey,27.5,2,Reef_Flat,7,10:55,11:30,2.5
NGS,10-12-2025,Beach,C. lunulatus,17.5,1,Reef_Flat,7,10:55,11:30,2.5
NGS,10-12-2025,Beach,C. spilurus,22.5,11,Reef_Flat,7,10:55,11:30,2.5
NGS,10-12-2025,Beach,Z. cornutus,17.5,2,Reef_Flat,7,10:55,11:30,2.5
NGS,10-12-2025,Beach,S. psittacus,7.5,44,Reef_Flat,7,10:55,11:30,2.5
NGS,10-12-2025,Beach,A. triostegus,12.5,1,Reef_Flat,7,10:55,11:30,2.5
NGS,10-12-2025,Beach,C. spilurus,17.5,7,Reef_Flat,7,10:55,11:30,2.5
NGS,10-12-2025,Beach,M. flavolineatus,17.5,3,Reef_Flat,7,10:55,11:30,2.5
NGS,10-12-2025,Beach,Z. velifer,12.5,1,Reef_Flat,7,10:55,11:30,2.5
NGS,10-12-2025,Beach,T. duperrey,22.5,1,Reef_Flat,7,10:55,11:30,2.5
NGS,10-12-2025,Beach,A. triostegus,17.5,3,Reef_Flat,7,10:55,11:30,2.5
NGS,10-12-2025,Beach,Z. flavescens,17.5,3,Reef_Flat,7,10:55,11:30,2.5
NGS,10-12-2025,Beach,T. duperrey,17.5,1,Reef_Flat,7,10:55,11:30,2.5
NGS,10-12-2025,Beach,S. psittacus,7.5,26,Reef_Flat,7,10:55,11:30,2.5
NGS,10-12-2025,Beach,A. triostegus,12.5,3,Reef_Flat,7,10:55,11:30,2.5
NGS,10-12-2025,Beach,S. psittacus,2.5,38,Reef_Flat,7,10:55,11:30,2.5
NGS,10-12-2025,Beach,C. spilurus,17.5,1,Reef_Flat,7,10:55,11:30,2.5
NGS,10-12-2025,Beach,C. spilurus,17.5,3,Reef_Flat,7,10:55,11:30,2.5
NGS,10-12-2025,Beach,Z. velifer,17.5,1,Reef_Flat,7,10:55,11:30,2.5
NGS,10-12-2025,Beach,S. psittacus,7.5,22,Reef_Flat,7,10:55,11:30,2.5
NGS,10-12-2025,Beach,Z. velifer,17.5,4,Reef_Flat,7,10:55,11:30,2.5
NGS,10-12-2025,Beach,T. duperrey,22.5,1,Reef_Flat,7,10:55,11:30,2.5
NGS,10-12-2025,Beach,Z. velifer,7.5,1,Reef_Flat,7,10:55,11:30,2.5
NGS,10-12-2025,Beach,A. triostegus,12.5,2,Reef_Flat,7,10:55,11:30,2.5
NGS,10-12-2025,Beach,A. triostegus,12.5,1,Reef_Flat,7,10:55,11:30,2.5
NGS,10-12-2025,Beach,Z. flavescens,17.5,2,Reef_Flat,7,10:55,11:30,2.5
NGS,10-12-2025,Beach,A. triostegus,17.5,1,Reef_Flat,7,10:55,11:30,2.5
NGS,10-12-2025,Beach,T. duperrey,17.5,1,Reef_Flat,7,10:55,11:30,2.5
NGS,10-12-2025,Beach,S. psittacus,12.5,15,Reef_Flat,7,10:55,11:30,2.5
NGS,10-12-2025,Beach,C. spilurus,17.5,8,Reef_Flat,7,10:55,11:30,2.5
NGS,10-12-2025,Beach,S. psittacus,12.5,7,Reef_Flat,7,10:55,11:30,2.5
NGS,10-12-2025,Beach,T. duperrey,17.5,1,Reef_Flat,7,10:55,11:30,2.5
NGS,10-12-2025,Beach,Z. velifer,12.5,5,Reef_Flat,7,10:55,11:30,2.5
NGS,10-12-2025,Beach,C. spilurus,12.5,12,Reef_Flat,7,10:55,11:30,2.5
NGS,10-12-2025,Beach,Z. velifer,17.5,1,Reef_Flat,7,10:55,11:30,2.5
NGS,10-12-2025,Beach,S. psittacus,2.5,37,Reef_Flat,7,10:55,11:30,2.5
NGS,10-12-2025,Beach,T. duperrey,17.5,1,Reef_Flat,7,10:55,11:30,2.5
NGS,10-12-2025,Beach,S. psittacus,7.5,19,Reef_Flat,7,10:55,11:30,2.5
NGS,10-12-2025,Beach,Z. velifer,7.5,1,Reef_Flat,7,10:55,11:30,2.5
NGS,10-12-2025,Beach,C. spilurus,12.5,20,Reef_Flat,7,10:55,11:30,2.5
NGS,10-12-2025,Beach,T. duperrey,17.5,1,Reef_Flat,7,10:55,11:30,2.5
NGS,10-12-2025,Beach,S. psittacus,7.5,26,Reef_Flat,7,10:55,11:30,2.5
NGS,10-12-2025,Beach,T. duperrey,17.5,3,Reef_Flat,7,10:55,11:30,2.5
NGS,10-12-2025,Beach,A. triostegus,12.5,6,Reef_Flat,7,10:55,11:30,2.5
NGS,10-12-2025,Beach,C. spilurus,12.5,15,Reef_Flat,7,10:55,11:30,2.5